EC:2.4.1.-	EC:2.4.1.12	GO:0022804	GO:0005215	GO:0015075	GO:0008509	GO:0022857	GO:0008324
0.49095508456230164	0.4976672828197479	0.4756071865558624	0.47078824043273926	0.5483080148696899	0.5888716578483582	0.49914488196372986	0.6125246286392212
0.5665766000747681	0.53557950258255	0.492428183555603	0.5165225863456726	0.5856761932373047	0.6081090569496155	0.5396235585212708	0.6452686190605164
0.5616143941879272	0.5044083595275879	0.49266746640205383	0.48916804790496826	0.5607960224151611	0.604638934135437	0.5148330926895142	0.6382361054420471
0.5940000414848328	0.49804458022117615	0.4690117835998535	0.4786582589149475	0.5511563420295715	0.594184160232544	0.5036793351173401	0.6238495111465454
0.5488085746765137	0.4784608483314514	0.45435982942581177	0.5255239605903625	0.594645619392395	0.5826598405838013	0.5482169389724731	0.6626120209693909
0.5560088753700256	0.4822012484073639	0.34288474917411804	0.633445143699646	0.6790171265602112	0.5286784172058105	0.6415206789970398	0.684432864189148
0.6129797697067261	0.5276710987091064	0.3606734871864319	0.6473380923271179	0.6972644329071045	0.5318268537521362	0.6567867994308472	0.730604887008667
0.5872015953063965	0.5199060440063477	0.49474990367889404	0.5892139673233032	0.660754382610321	0.60976642370224	0.6098263263702393	0.7724912762641907
0.5115085244178772	0.5026771426200867	0.4011805057525635	0.6676270365715027	0.741010308265686	0.5350325107574463	0.6785264611244202	0.8192251324653625
0.6188130974769592	0.517076313495636	0.292447954416275	0.7292719483375549	0.7887133955955505	0.4977812170982361	0.7314483523368835	0.8155787587165833
0.577931821346283	0.5350790619850159	0.41918128728866577	0.6802578568458557	0.7336269021034241	0.5770330429077148	0.6895120143890381	0.8103408217430115
0.6296861171722412	0.5169796943664551	0.4739592373371124	0.59961998462677	0.6832742691040039	0.6057472825050354	0.618114173412323	0.7888832092285156
0.5424282550811768	0.44598159193992615	0.3820347785949707	0.6221926808357239	0.7044519782066345	0.5651587247848511	0.6275240778923035	0.7623680233955383
0.5532524585723877	0.4852924942970276	0.4790661633014679	0.5069778561592102	0.551042914390564	0.6809523701667786	0.5200395584106445	0.5803112983703613
0.5313094854354858	0.4783349931240082	0.5702410340309143	0.5163753628730774	0.5800870656967163	0.7492468357086182	0.5355054140090942	0.6402044296264648
0.660230278968811	0.5162396430969238	0.555019736289978	0.5193794965744019	0.6027390956878662	0.7501240372657776	0.538066565990448	0.6620591878890991
0.5991410613059998	0.4594481587409973	0.49028149247169495	0.5846323370933533	0.6492847800254822	0.6862361431121826	0.6010928153991699	0.7037243843078613
0.6427620053291321	0.5004193782806396	0.5305508971214294	0.4977872967720032	0.5583293437957764	0.6780027747154236	0.5196076035499573	0.6015517711639404
0.6935535669326782	0.539867639541626	0.5379082560539246	0.5067448019981384	0.5759406685829163	0.7172608375549316	0.5248436331748962	0.629484236240387
0.6052491664886475	0.446882963180542	0.5024516582489014	0.5468016862869263	0.6236308813095093	0.6656489372253418	0.5646156072616577	0.7123075723648071
0.6045435070991516	0.453439325094223	0.5257311463356018	0.4971228241920471	0.5652108788490295	0.7005370259284973	0.5157386064529419	0.6430124044418335
0.7168862223625183	0.5039255023002625	0.5439015626907349	0.4853261411190033	0.550597071647644	0.7270078659057617	0.5040377378463745	0.6087520718574524
0.7041239738464355	0.508095383644104	0.5519396662712097	0.5000256896018982	0.562748908996582	0.7450162172317505	0.5160687565803528	0.6092514991760254
0.632758378982544	0.42058777809143066	0.5263007879257202	0.5247687697410583	0.5812233686447144	0.7028264403343201	0.5388875007629395	0.636205792427063
0.6745017766952515	0.472444623708725	0.4991416037082672	0.4799651801586151	0.5372036099433899	0.6697502136230469	0.49738892912864685	0.5720124244689941
0.7227526307106018	0.5579550266265869	0.48869869112968445	0.5558238625526428	0.6099393367767334	0.6502141952514648	0.576748251914978	0.6392425894737244
0.6906505227088928	0.5340582728385925	0.5016734600067139	0.5553585290908813	0.6044926643371582	0.6487940549850464	0.5765894055366516	0.6408241391181946
0.7454261779785156	0.5657510757446289	0.5047805309295654	0.5604952573776245	0.61260986328125	0.6545860767364502	0.5840998291969299	0.6468648314476013
0.6475238800048828	0.5128905773162842	0.49956366419792175	0.5398164391517639	0.5869209170341492	0.6392191648483276	0.5616432428359985	0.632780134677887
0.6303999423980713	0.5111528635025024	0.5020601749420166	0.5363271236419678	0.5840597152709961	0.6401647329330444	0.5590681433677673	0.6285102963447571
0.5297584533691406	0.4355066120624542	0.5107560157775879	0.5817916393280029	0.6317129731178284	0.6181302070617676	0.6004464030265808	0.7204170823097229
0.5883477330207825	0.5554851293563843	0.5179387331008911	0.5370990037918091	0.5919454097747803	0.6576763987541199	0.5609216094017029	0.6305125951766968
0.5661853551864624	0.5382722616195679	0.4983992278575897	0.5364003777503967	0.5804506540298462	0.636141836643219	0.5598199367523193	0.6042380928993225
0.5184106826782227	0.466113418340683	0.5133458375930786	0.5815330147743225	0.6200383901596069	0.6408656239509583	0.6009244322776794	0.6670312881469727
0.5409237742424011	0.5624616742134094	0.4965342879295349	0.5400969982147217	0.5903218984603882	0.6273841261863708	0.5633848309516907	0.6224022507667542
0.5142002701759338	0.4753868281841278	0.5095484852790833	0.5870327949523926	0.6385048031806946	0.6231908798217773	0.6042363047599792	0.7059284448623657
0.403013676404953	0.37388959527015686	0.516184389591217	0.6153112649917603	0.6806950569152832	0.6270821690559387	0.6349349617958069	0.7937921285629272
0.42708006501197815	0.3244735300540924	0.4987935721874237	0.6384547352790833	0.6938484907150269	0.6152431964874268	0.6559985876083374	0.7863771915435791
0.35030391812324524	0.2189176231622696	0.4734779894351959	0.6419485807418823	0.6914104223251343	0.5800500512123108	0.6528333425521851	0.7844561338424683
0.4745129942893982	0.3350397050380707	0.5160707235336304	0.6469818949699402	0.710152804851532	0.6529970169067383	0.6672195792198181	0.8053305745124817
0.4492029845714569	0.3551563322544098	0.5023152232170105	0.6484255194664001	0.7111666798591614	0.6135828495025635	0.664195716381073	0.8319206833839417
0.3969409763813019	0.26942095160484314	0.5318743586540222	0.6555547118186951	0.7213304042816162	0.6500787734985352	0.6744593381881714	0.8495466709136963
0.3929441571235657	0.2622237801551819	0.5087817311286926	0.6154077649116516	0.680927574634552	0.6457424759864807	0.6329013109207153	0.7775065302848816
0.467502623796463	0.28915542364120483	0.5055397748947144	0.6618272662162781	0.7537034153938293	0.6203369498252869	0.6772586107254028	0.9128770232200623
0.5233356952667236	0.2972538471221924	0.5036361813545227	0.6853088736534119	0.7696629762649536	0.587403416633606	0.696414053440094	0.9493444561958313
0.45405328273773193	0.3291250765323639	0.4272122085094452	0.596996009349823	0.7204887866973877	0.4999171495437622	0.6159195303916931	0.8726310729980469
0.4352104663848877	0.33057287335395813	0.4299314618110657	0.5950742363929749	0.7138918042182922	0.5240030884742737	0.6122584939002991	0.8536069989204407
0.520186185836792	0.3746703863143921	0.4485837519168854	0.6590715050697327	0.7631440758705139	0.5444493889808655	0.6715500354766846	0.904760479927063
0.5409510135650635	0.40900376439094543	0.4530336558818817	0.604872465133667	0.7151458263397217	0.5293506979942322	0.6220350861549377	0.8416866660118103
0.46123743057250977	0.4382258951663971	0.4772760272026062	0.5771422982215881	0.6899542212486267	0.5463477969169617	0.5979627966880798	0.8063526749610901
0.4701021611690521	0.45855462551116943	0.4196431338787079	0.6509308218955994	0.7442159652709961	0.5569217801094055	0.6612756252288818	0.8486969470977783
0.510488748550415	0.48693352937698364	0.35621753334999084	0.592617928981781	0.6823142766952515	0.48006123304367065	0.6071910858154297	0.719031572341919
0.39859044551849365	0.4894709289073944	0.4637337327003479	0.5836624503135681	0.6975995898246765	0.5441258549690247	0.6019234657287598	0.8096628189086914
0.42999976873397827	0.4754711091518402	0.43883877992630005	0.5721589922904968	0.6770278215408325	0.5146123170852661	0.5909496545791626	0.8047505617141724
0.4997674524784088	0.45952633023262024	0.32168468832969666	0.6672086119651794	0.7359135746955872	0.45563194155693054	0.6709309816360474	0.776004433631897
0.537692129611969	0.5426777601242065	0.3887692391872406	0.6178038716316223	0.7010215520858765	0.508895754814148	0.6260406970977783	0.7557337880134583
0.41999465227127075	0.5166130065917969	0.4727439880371094	0.591387927532196	0.6567869782447815	0.5757836699485779	0.6052078008651733	0.7180330753326416
0.4941527843475342	0.5142835378646851	0.4439815580844879	0.5826155543327332	0.635088324546814	0.5541149973869324	0.5955960154533386	0.6898479461669922
0.4916837811470032	0.48480749130249023	0.387016236782074	0.6770375370979309	0.6963769197463989	0.5601450800895691	0.6780928373336792	0.6869515776634216
0.5636160373687744	0.5751500129699707	0.44137120246887207	0.6087456345558167	0.641035795211792	0.6164342761039734	0.6181613802909851	0.6261504292488098
0.4413016140460968	0.5361384749412537	0.5278544425964355	0.5777142643928528	0.6248216032981873	0.6191337704658508	0.5968167185783386	0.7021412253379822
0.5214501023292542	0.5703932046890259	0.4527832865715027	0.5249855518341064	0.5829067826271057	0.5872253775596619	0.5457341074943542	0.6119343042373657
0.5669505000114441	0.5400283336639404	0.42970237135887146	0.6209226250648499	0.6439644694328308	0.5905011892318726	0.6269506216049194	0.6385366916656494
0.5839573740959167	0.5275191068649292	0.30873656272888184	0.6461053490638733	0.6810979843139648	0.5017054677009583	0.6502002477645874	0.6474381685256958
0.6268353462219238	0.5289373993873596	0.29951930046081543	0.7047134637832642	0.7379456758499146	0.5094903707504272	0.7033151984214783	0.7162612676620483
0.5948960781097412	0.5450925230979919	0.27421918511390686	0.7111341953277588	0.74634850025177	0.46847718954086304	0.7106450796127319	0.7181388735771179
0.5521882176399231	0.5110198855400085	0.31788188219070435	0.6887015104293823	0.7213181257247925	0.4912050664424896	0.6913745403289795	0.7072598338127136
0.5235402584075928	0.49297818541526794	0.4324207007884979	0.6327365040779114	0.6706563830375671	0.5369212627410889	0.6461988091468811	0.709893524646759
0.5802038311958313	0.5632964968681335	0.4373457431793213	0.6276036500930786	0.6849273443222046	0.5677732825279236	0.6432150602340698	0.7277904748916626
0.5584897398948669	0.5587882995605469	0.4684191644191742	0.6099989414215088	0.6681373715400696	0.5798643231391907	0.6287317872047424	0.734522819519043
0.5529117584228516	0.5554481148719788	0.4697003662586212	0.6148931384086609	0.6726028323173523	0.5788307189941406	0.6336758136749268	0.7410687208175659
0.4998939037322998	0.49999821186065674	0.4336276054382324	0.6318820714950562	0.6751517653465271	0.5525620579719543	0.6444521546363831	0.7273375988006592
0.529155433177948	0.529741108417511	0.5421038269996643	0.5512888431549072	0.6105179190635681	0.6340034604072571	0.5746599435806274	0.6967806220054626
0.5743667483329773	0.569649338722229	0.43421462178230286	0.5880268812179565	0.6382290124893188	0.5888404250144958	0.6019691228866577	0.6715338826179504
0.5000760555267334	0.4992956519126892	0.3212476074695587	0.6740108132362366	0.6955323219299316	0.5129221677780151	0.6756314039230347	0.6702848076820374
0.5036594867706299	0.5223290324211121	0.5151334404945374	0.5698002576828003	0.6259358525276184	0.6469122171401978	0.5893627405166626	0.6833792924880981
0.49108216166496277	0.5037477016448975	0.5281667113304138	0.5718744397163391	0.6257213354110718	0.6483522057533264	0.5916000008583069	0.6904014348983765
0.5492015480995178	0.5444895625114441	0.4651791751384735	0.5454221367835999	0.5945045948028564	0.5944024920463562	0.5662792325019836	0.6062044501304626
0.5504679679870605	0.5439161062240601	0.4347030520439148	0.5850270986557007	0.6212841868400574	0.5760719180107117	0.6033236980438232	0.6026580929756165
0.4013470709323883	0.4658305048942566	0.5580101013183594	0.5836430788040161	0.6144930720329285	0.6708322167396545	0.6122198700904846	0.6002113223075867
0.5267013311386108	0.5079978704452515	0.5280324816703796	0.5379701852798462	0.582535445690155	0.617874264717102	0.5736368298530579	0.5649843811988831
0.5875616073608398	0.5154072642326355	0.5352502465248108	0.5134025812149048	0.5302960276603699	0.6159271597862244	0.5435009002685547	0.535676121711731
0.5166148543357849	0.48330843448638916	0.5538143515586853	0.5880171060562134	0.6035498380661011	0.652870774269104	0.6231816411018372	0.5727589726448059
0.3030197024345398	0.36661046743392944	0.5929001569747925	0.4909774959087372	0.5002118945121765	0.6840498447418213	0.536705732345581	0.3897673785686493
0.5118430852890015	0.48000985383987427	0.5211976170539856	0.5038871765136719	0.5159662961959839	0.5997831225395203	0.5448358654975891	0.44367721676826477
0.5321069359779358	0.4850996732711792	0.5112731456756592	0.5291734933853149	0.5371716022491455	0.6086751818656921	0.5660781860351562	0.4893414080142975
0.5299773216247559	0.3643738925457001	0.43388625979423523	0.543621301651001	0.5001084804534912	0.6191657781600952	0.5810456871986389	0.3226349651813507
0.53083336353302	0.2623937129974365	0.4108754098415375	0.49311479926109314	0.46326205134391785	0.6053078770637512	0.5288047790527344	0.27644801139831543
0.6216647624969482	0.3252396285533905	0.5163232684135437	0.5331281423568726	0.49801206588745117	0.6847787499427795	0.5701019763946533	0.3685891330242157
0.7479493021965027	0.48859599232673645	0.34003886580467224	0.5736396312713623	0.501528799533844	0.5560183525085449	0.5973181128501892	0.2981882095336914
0.7204622030258179	0.29970332980155945	0.4080049395561218	0.5487918853759766	0.5116199254989624	0.6794398427009583	0.5738644003868103	0.35907140374183655
0.715297520160675	0.21469949185848236	0.3982761800289154	0.5177208781242371	0.46341603994369507	0.6706336736679077	0.5432817339897156	0.2996906638145447
0.7555130124092102	0.36672085523605347	0.3142847716808319	0.5169445276260376	0.4677661955356598	0.5428991317749023	0.5384163856506348	0.29695412516593933
0.7283008098602295	0.452953964471817	0.3115399479866028	0.5263234972953796	0.4949982464313507	0.5683276653289795	0.5475984811782837	0.3343299925327301
0.7488704323768616	0.3598046898841858	0.38323020935058594	0.5462134480476379	0.5161307454109192	0.6442984938621521	0.5658652186393738	0.3965686559677124
0.5471898913383484	0.28645020723342896	0.47087496519088745	0.4953872859477997	0.48932403326034546	0.6937872767448425	0.530362606048584	0.39886385202407837
0.5523192286491394	0.39358100295066833	0.40218013525009155	0.6269657611846924	0.6397753357887268	0.6050395369529724	0.643939733505249	0.6732884049415588
0.5714699029922485	0.4819185435771942	0.35847875475883484	0.603610634803772	0.5957950353622437	0.5299108028411865	0.6120861768722534	0.6153632402420044
0.6498251557350159	0.45541760325431824	0.30871257185935974	0.671234667301178	0.6492274403572083	0.5375686287879944	0.6818240284919739	0.5794407725334167
0.6230857968330383	0.3175966143608093	0.3574906289577484	0.5785484910011292	0.5849189162254333	0.638878583908081	0.5984319448471069	0.5160388946533203
0.7043548226356506	0.21131721138954163	0.370680570602417	0.5567835569381714	0.5645980834960938	0.6919583082199097	0.5763401985168457	0.472708523273468
0.7088552713394165	0.23505835235118866	0.48110178112983704	0.5165076851844788	0.46301162242889404	0.7854095101356506	0.5465057492256165	0.3008919656276703
0.7422024011611938	0.11414869874715805	0.32130691409111023	0.5349684953689575	0.5188131928443909	0.6606441140174866	0.5564106702804565	0.3672012984752655
0.6997135281562805	0.26628345251083374	0.4769645929336548	0.4933313727378845	0.5146491527557373	0.7469994425773621	0.5239020586013794	0.4245656728744507
0.6499438881874084	0.2874838709831238	0.5586921572685242	0.5173172354698181	0.4988602101802826	0.7821893095970154	0.5587186813354492	0.3680814802646637
0.6740919351577759	0.2925998866558075	0.5339606404304504	0.6270529627799988	0.6014983057975769	0.7689203023910522	0.6580633521080017	0.4760007858276367
0.7640069723129272	0.4792121648788452	0.7168055772781372	0.5219357013702393	0.5476081371307373	0.8461052179336548	0.5493478178977966	0.5683783292770386
0.670511782169342	0.5023167133331299	0.7366147041320801	0.4910169541835785	0.49119365215301514	0.8066306710243225	0.5283334255218506	0.48652204871177673
0.6229024529457092	0.38680681586265564	0.4960692822933197	0.4928172528743744	0.48744624853134155	0.6386253237724304	0.5227590203285217	0.4109605848789215
0.38906779885292053	0.22319184243679047	0.48153501749038696	0.43355777859687805	0.46114227175712585	0.6145820617675781	0.4537642300128937	0.47594669461250305
0.3955249786376953	0.31464311480522156	0.5285916924476624	0.47073066234588623	0.5050350427627563	0.5963102579116821	0.495182067155838	0.5680947303771973
0.5252396464347839	0.37957876920700073	0.568926215171814	0.4358528256416321	0.46044066548347473	0.6148541569709778	0.46869054436683655	0.5009321570396423
0.43814030289649963	0.29727527499198914	0.5022473335266113	0.44273942708969116	0.45528101921081543	0.5917595624923706	0.4665749967098236	0.4802836775779724
0.3677930235862732	0.2352685034275055	0.4256327450275421	0.37707406282424927	0.4317443072795868	0.506193220615387	0.3969411551952362	0.5120282769203186
0.44031161069869995	0.32592642307281494	0.4754975140094757	0.3340947926044464	0.39732834696769714	0.5351821780204773	0.36493566632270813	0.46411269903182983
0.49354392290115356	0.35893580317497253	0.44324764609336853	0.4119539260864258	0.44483113288879395	0.5209201574325562	0.4409804940223694	0.44874775409698486
0.51896733045578	0.34696319699287415	0.4425571858882904	0.3671046197414398	0.4270695447921753	0.5274235606193542	0.3914399743080139	0.4913264513015747
0.5392771363258362	0.3791789710521698	0.49637916684150696	0.4106731414794922	0.460678368806839	0.6252914667129517	0.42987558245658875	0.49975502490997314
0.5129580497741699	0.4595664143562317	0.45796555280685425	0.4720807373523712	0.5173531770706177	0.5681110620498657	0.4959786534309387	0.5400267839431763
0.5693857669830322	0.49095097184181213	0.4486005902290344	0.5673731565475464	0.5966818332672119	0.5632246732711792	0.5849407911300659	0.6205801963806152
0.532869815826416	0.4866521954536438	0.4748501777648926	0.5729896426200867	0.6133350133895874	0.5990563035011292	0.5918333530426025	0.6488257050514221
0.5296293497085571	0.5181097388267517	0.44160932302474976	0.5665115714073181	0.6117663383483887	0.5701982378959656	0.5864811539649963	0.6252846121788025
0.5246874094009399	0.5457178950309753	0.4249011278152466	0.5887879133224487	0.6323348879814148	0.5501502156257629	0.6099227666854858	0.6405346393585205
0.5681482553482056	0.5130773186683655	0.35382434725761414	0.7463955879211426	0.7719181776046753	0.551954984664917	0.7516718506813049	0.7621035575866699
0.6365473866462708	0.5129130482673645	0.3041546046733856	0.7040661573410034	0.74980229139328	0.5225546956062317	0.7093563675880432	0.7476010918617249
0.5161474943161011	0.5109075903892517	0.2838578224182129	0.7491894960403442	0.7732738256454468	0.48199784755706787	0.7484130263328552	0.7435814142227173
0.5258556008338928	0.4936511218547821	0.3131667673587799	0.6841824650764465	0.6997076869010925	0.4653495252132416	0.6893255710601807	0.6718006730079651
0.6217412948608398	0.5236129760742188	0.2104722112417221	0.728458821773529	0.7576993107795715	0.4076000154018402	0.7241631150245667	0.6949132680892944
0.651296854019165	0.5520434975624084	0.17001892626285553	0.7150914072990417	0.7572745084762573	0.36172354221343994	0.7112290859222412	0.6925831437110901
0.6243054270744324	0.577750027179718	0.25191253423690796	0.7275242805480957	0.749228298664093	0.4769420623779297	0.7232117056846619	0.674461305141449
0.6567351222038269	0.5814392566680908	0.26120564341545105	0.7287824153900146	0.7543520927429199	0.4335837662220001	0.7295926809310913	0.6959316730499268
0.6402536630630493	0.5561022162437439	0.2949059009552002	0.7772319316864014	0.7883663177490234	0.5002503395080566	0.7747054100036621	0.726029098033905
0.5687428116798401	0.5952166318893433	0.28192490339279175	0.7295035719871521	0.7489053606987	0.4025682508945465	0.7324295043945312	0.7122063040733337
0.6895677447319031	0.6231959462165833	0.40994828939437866	0.6949958801269531	0.717119574546814	0.4755227863788605	0.7082865834236145	0.7386830449104309
0.7513521313667297	0.6989912390708923	0.44832730293273926	0.7050477266311646	0.747898519039154	0.5391804575920105	0.722362756729126	0.803360641002655
0.6176551580429077	0.6288129687309265	0.49321600794792175	0.7050623893737793	0.7515976428985596	0.5408300757408142	0.7300620675086975	0.834189236164093
0.48337170481681824	0.5750485062599182	0.4553184509277344	0.7099274396896362	0.754281759262085	0.4537503123283386	0.7331030964851379	0.8363320231437683
0.40260159969329834	0.5303647518157959	0.380941241979599	0.6963332295417786	0.7422078847885132	0.3876553177833557	0.7151932120323181	0.7882947325706482
0.5577042102813721	0.5981916785240173	0.36697572469711304	0.7104038000106812	0.7314295172691345	0.40867313742637634	0.7268729209899902	0.7238340973854065
0.6792500019073486	0.671569287776947	0.4915897250175476	0.6362202167510986	0.6716774702072144	0.4820505976676941	0.6632151007652283	0.7375434041023254
0.4411192834377289	0.5161874294281006	0.44634997844696045	0.7019801139831543	0.7315788865089417	0.423918753862381	0.7252260446548462	0.7921253442764282
0.39708757400512695	0.4606665074825287	0.3726792633533478	0.7267513275146484	0.7503046989440918	0.39679640531539917	0.7410094141960144	0.7785782814025879
0.4880174994468689	0.49937111139297485	0.3918546736240387	0.7048708200454712	0.7368772625923157	0.4172319769859314	0.717393696308136	0.7955933213233948
0.5466738343238831	0.5372554063796997	0.5389229655265808	0.6076557636260986	0.6539286375045776	0.506920337677002	0.6368611454963684	0.763043999671936
0.522044837474823	0.5040531158447266	0.4698393642902374	0.627238929271698	0.6599521040916443	0.492286741733551	0.6498388051986694	0.7094976305961609
0.6190974712371826	0.5513482093811035	0.4693548083305359	0.6103001236915588	0.637633204460144	0.5134740471839905	0.6321207284927368	0.6784264445304871
0.6107667684555054	0.5289637446403503	0.4858526885509491	0.5615604519844055	0.6135935187339783	0.5113203525543213	0.5835444331169128	0.685482382774353
0.6764346957206726	0.4770827293395996	0.5009368062019348	0.5478751063346863	0.5929877161979675	0.5337149500846863	0.5732434988021851	0.6778785586357117
0.6439703702926636	0.540597677230835	0.5338736772537231	0.605860710144043	0.6527940034866333	0.5966355800628662	0.6323953866958618	0.7363299131393433
0.647517204284668	0.5511748790740967	0.5287892818450928	0.6407997012138367	0.697344958782196	0.6383665800094604	0.6634989380836487	0.7823014259338379
0.649270236492157	0.46243971586227417	0.5861511826515198	0.633215069770813	0.7146664261817932	0.6684512495994568	0.6556527018547058	0.8786590099334717
0.6304420828819275	0.44222429394721985	0.5504873394966125	0.6237267851829529	0.6975561380386353	0.6246981620788574	0.644633412361145	0.8440085649490356
0.5839601755142212	0.4802630543708801	0.5458751916885376	0.5472975373268127	0.6166979670524597	0.6339399814605713	0.5738112330436707	0.7353112101554871
0.5412190556526184	0.40446940064430237	0.5392778515815735	0.6114076972007751	0.6803479790687561	0.6439798474311829	0.6299487352371216	0.8155268430709839
0.5375641584396362	0.42626890540122986	0.5421985983848572	0.6429118514060974	0.7141103148460388	0.6214429140090942	0.6589416265487671	0.8587557077407837
0.5899609327316284	0.4898620843887329	0.538205623626709	0.5610177516937256	0.6360219717025757	0.631787121295929	0.5836359262466431	0.74379563331604
0.6262875199317932	0.5120673775672913	0.5252609252929688	0.5595885515213013	0.6360774636268616	0.6298931837081909	0.5860064625740051	0.7255131006240845
0.6331844329833984	0.5767986178398132	0.5360829830169678	0.5699315667152405	0.6467888951301575	0.6316683292388916	0.5956339836120605	0.7388346791267395
0.6024217009544373	0.5828887820243835	0.570317268371582	0.57255619764328	0.6549242734909058	0.6618496775627136	0.6012688279151917	0.7360972762107849
0.6531176567077637	0.5664497017860413	0.5602098107337952	0.5937421917915344	0.6698170304298401	0.6258018016815186	0.6161088347434998	0.7842237949371338
0.6569462418556213	0.5676882863044739	0.5505372881889343	0.6029565334320068	0.6835449934005737	0.6234488487243652	0.6250280737876892	0.8123624324798584
0.6315498948097229	0.5676910281181335	0.558077871799469	0.5897886157035828	0.6688165068626404	0.6265925765037537	0.6134978532791138	0.7793764472007751
0.6379230618476868	0.5403945446014404	0.4776732623577118	0.5462697148323059	0.613085150718689	0.5266697406768799	0.5707884430885315	0.6722995042800903
0.6643859148025513	0.5822980403900146	0.4316759407520294	0.4985923171043396	0.54264897108078	0.5202817916870117	0.521672248840332	0.5140687823295593
0.613362729549408	0.49890926480293274	0.3703756630420685	0.5880731344223022	0.6212918758392334	0.44582220911979675	0.6019792556762695	0.6320818066596985
0.5895789265632629	0.4284546375274658	0.5387393236160278	0.5676833987236023	0.6268096566200256	0.605672299861908	0.5882806181907654	0.7160637974739075
0.6267022490501404	0.4538303017616272	0.5283874273300171	0.6045559048652649	0.6466929912567139	0.6224579215049744	0.6221275925636292	0.718346118927002
0.6151739358901978	0.5265630483627319	0.35390403866767883	0.6273831129074097	0.6470673084259033	0.43657436966896057	0.638626217842102	0.6623302102088928
0.5039029717445374	0.4323367476463318	0.509782075881958	0.6214631795883179	0.6657446622848511	0.6191184520721436	0.6415490508079529	0.7328057289123535
0.5334921479225159	0.4066237509250641	0.532821536064148	0.6489207148551941	0.6864209175109863	0.6412289142608643	0.6655564308166504	0.7813416123390198
0.5356895923614502	0.4234783351421356	0.5497676134109497	0.6338353753089905	0.66469806432724	0.6269723176956177	0.6580950617790222	0.7443801164627075
0.42287978529930115	0.45949143171310425	0.5136657357215881	0.6895112991333008	0.7192080020904541	0.5862085819244385	0.7031368613243103	0.8048410415649414
0.42483261227607727	0.4243791997432709	0.4838204085826874	0.6598376631736755	0.6899949312210083	0.5378274917602539	0.6750459671020508	0.7645421028137207
0.29232463240623474	0.4088832437992096	0.473116010427475	0.7340288758277893	0.7609811425209045	0.563418447971344	0.7443583011627197	0.8323357105255127
0.25317180156707764	0.3887769281864166	0.45119088888168335	0.7548050880432129	0.7735506892204285	0.5386136174201965	0.7645100951194763	0.8186724781990051
0.26197341084480286	0.45367196202278137	0.43931370973587036	0.7738905549049377	0.8029320240020752	0.5139385461807251	0.7833789587020874	0.8679426908493042
0.2701730728149414	0.4754540026187897	0.43095484375953674	0.7224647998809814	0.7552869915962219	0.42037075757980347	0.7431402802467346	0.8138712644577026
0.2786039113998413	0.47590532898902893	0.42440882325172424	0.7312508225440979	0.7722904086112976	0.4947325587272644	0.7425320744514465	0.8383915424346924
0.34345051646232605	0.5181924700737	0.4064348042011261	0.7084930539131165	0.7587090134620667	0.5215011835098267	0.7201411724090576	0.7997841835021973
0.26641586422920227	0.5366429090499878	0.38340845704078674	0.7256194353103638	0.790810227394104	0.45446711778640747	0.7386463284492493	0.8722590208053589
0.3107023239135742	0.5361312031745911	0.3858277201652527	0.6887573003768921	0.7620849609375	0.456795871257782	0.7057603597640991	0.847320020198822
0.4336366057395935	0.6209505796432495	0.3769085109233856	0.6606144309043884	0.7249245643615723	0.5036188364028931	0.6730418801307678	0.7623571157455444
0.4653262197971344	0.5946364402770996	0.37004145979881287	0.6344625949859619	0.7079797387123108	0.5097793340682983	0.6519446969032288	0.7278302907943726
0.3858404755592346	0.571995735168457	0.4034138321876526	0.6408292055130005	0.7293423414230347	0.5209283828735352	0.6671985983848572	0.7896331548690796
0.4550246596336365	0.6057374477386475	0.40457895398139954	0.5801622867584229	0.6679266095161438	0.5544056296348572	0.6053338050842285	0.6961519718170166
0.5452221632003784	0.661923885345459	0.4087042510509491	0.5280234813690186	0.6088674068450928	0.5794908404350281	0.5528508424758911	0.6170664429664612
0.5936707258224487	0.6814996004104614	0.3956993520259857	0.5376850366592407	0.6193075180053711	0.5589227080345154	0.5624940395355225	0.6255146861076355
0.7056313157081604	0.7498174905776978	0.4470166265964508	0.4762289226055145	0.559220552444458	0.5993116497993469	0.5020816922187805	0.6013277173042297
0.5488338470458984	0.8098583817481995	0.417272686958313	0.5676694512367249	0.6281554698944092	0.5060533881187439	0.5931313037872314	0.6279863715171814
0.45677340030670166	0.7166706323623657	0.3752721846103668	0.6011673808097839	0.6566097140312195	0.5118976831436157	0.6229010820388794	0.6247058510780334
0.6687203049659729	0.8045722246170044	0.5121315717697144	0.7424027323722839	0.7744089961051941	0.6040402054786682	0.7674922943115234	0.7623968124389648
0.42988285422325134	0.7716509103775024	0.5244427919387817	0.6894090175628662	0.6900733709335327	0.5757487416267395	0.7139237523078918	0.6233104467391968
0.26842546463012695	0.6358147263526917	0.5267301797866821	0.6826916337013245	0.6904446482658386	0.5926230549812317	0.7064084410667419	0.651456356048584
0.31251904368400574	0.5030539631843567	0.5189412832260132	0.6982001066207886	0.7114936709403992	0.6033480167388916	0.7165059447288513	0.725987434387207
0.3696047067642212	0.5947524905204773	0.7220178246498108	0.6634063720703125	0.6468648910522461	0.7243039011955261	0.7071172595024109	0.671501636505127
0.4192979335784912	0.6881014108657837	0.7134923338890076	0.5684564113616943	0.5607406497001648	0.7317720651626587	0.6121421456336975	0.557063102722168
0.36564359068870544	0.5392162799835205	0.639203667640686	0.6687172651290894	0.6571065187454224	0.6636657118797302	0.701319694519043	0.6655004024505615
0.36775654554367065	0.447669118642807	0.6293774843215942	0.6689541935920715	0.664540708065033	0.6698695421218872	0.6988993287086487	0.7176806330680847
0.3607766032218933	0.5094006061553955	0.6774226427078247	0.6128381490707397	0.6030192971229553	0.6778395175933838	0.6505019664764404	0.6354206800460815
0.3698578178882599	0.46936994791030884	0.5768914818763733	0.5189301371574402	0.49525198340415955	0.6527020931243896	0.5496700406074524	0.4853125214576721
0.45946574211120605	0.4472315311431885	0.5518449544906616	0.6977622509002686	0.7186485528945923	0.6115511655807495	0.7163200378417969	0.8152258992195129
0.4286322593688965	0.4524669349193573	0.5761393308639526	0.733561098575592	0.7506747841835022	0.6383731365203857	0.7512429356575012	0.8703182935714722
0.48853129148483276	0.43040400743484497	0.5153225064277649	0.6303483247756958	0.6235195398330688	0.6012232899665833	0.6484860777854919	0.7085506916046143
0.6119698882102966	0.5118220448493958	0.3989598751068115	0.5983472466468811	0.576413631439209	0.5363903641700745	0.6149284839630127	0.569312334060669
0.6100983619689941	0.5938377380371094	0.41563084721565247	0.6352447271347046	0.5976592302322388	0.4954478144645691	0.6532471179962158	0.5865118503570557
0.6027998924255371	0.5713998079299927	0.35453006625175476	0.5930843949317932	0.593184232711792	0.43423712253570557	0.6081288456916809	0.5852742791175842
0.6283503174781799	0.5951967239379883	0.3319179117679596	0.598711371421814	0.5788570046424866	0.4590970277786255	0.6134508848190308	0.5335478782653809
0.6865590810775757	0.675917387008667	0.313956081867218	0.569545567035675	0.5550492405891418	0.4575226902961731	0.5892114639282227	0.4207257330417633
0.6404266953468323	0.5404722690582275	0.36888691782951355	0.5498949885368347	0.5584384799003601	0.4870285391807556	0.5691787600517273	0.4861277937889099
0.6123090982437134	0.5701314806938171	0.29556146264076233	0.4798806607723236	0.5071644186973572	0.41824468970298767	0.49887722730636597	0.43517911434173584
0.6082662343978882	0.6423371434211731	0.292405366897583	0.4717603921890259	0.5168871283531189	0.40643203258514404	0.48640739917755127	0.48856252431869507
0.5472826957702637	0.5220388174057007	0.37571755051612854	0.44881734251976013	0.5034583210945129	0.5284405946731567	0.4714817702770233	0.5062422752380371
0.5060156583786011	0.5007926821708679	0.417264848947525	0.4492962062358856	0.5092106461524963	0.6085323095321655	0.47051531076431274	0.5187519192695618
0.4620901942253113	0.3828686475753784	0.47055691480636597	0.49381595849990845	0.5248916149139404	0.6308385133743286	0.5140090584754944	0.5482743978500366
0.4293156564235687	0.3289954960346222	0.44486984610557556	0.5239562392234802	0.5443467497825623	0.6037365794181824	0.5419295430183411	0.560154139995575
0.43426430225372314	0.3795672059059143	0.4407431185245514	0.575350284576416	0.6040178537368774	0.5859641432762146	0.5930594205856323	0.631972074508667
0.2772298753261566	0.13997799158096313	0.5610003471374512	0.6278987526893616	0.625015377998352	0.6712401509284973	0.648180365562439	0.7084412574768066
0.26252809166908264	0.10141699016094208	0.5789567828178406	0.6036268472671509	0.6074987649917603	0.6884881258010864	0.6267222166061401	0.7008056044578552
0.33468562364578247	0.15661093592643738	0.5526301860809326	0.7179240584373474	0.6944969892501831	0.6509307622909546	0.736404538154602	0.7806255221366882
0.2790607511997223	0.0700070932507515	0.6336888670921326	0.7428048253059387	0.6988229751586914	0.6948273181915283	0.7659357190132141	0.8081508874893188
0.2636816203594208	0.0013196257641538978	0.7003359198570251	0.6910892724990845	0.6510168313980103	0.762161910533905	0.7204344272613525	0.7667090892791748
0.2676445245742798	0.0	0.7863081693649292	0.6985945701599121	0.6480795741081238	0.7984709143638611	0.73384028673172	0.7913950681686401
0.3663332164287567	0.13900597393512726	0.8146171569824219	0.7005825638771057	0.6513372659683228	0.8129568099975586	0.7357149124145508	0.8112193942070007
0.3466351330280304	0.0927264615893364	0.8429921269416809	0.6723698973655701	0.629302978515625	0.8210846185684204	0.7124630808830261	0.7962153553962708
0.3750821053981781	0.2162194550037384	0.9121080040931702	0.7805436849594116	0.7483887076377869	0.8588123917579651	0.8194041848182678	0.9429766535758972
0.423087477684021	0.2806001305580139	0.9283208847045898	0.7996464967727661	0.7762431502342224	0.9239080548286438	0.8365049958229065	0.966289758682251
0.4732550084590912	0.4259900450706482	0.8275577425956726	0.8024523258209229	0.7722131013870239	0.8534486889839172	0.8358386754989624	0.8801964521408081
0.74297034740448	0.48365846276283264	0.7964134812355042	0.9525533318519592	0.9092032313346863	0.9022586941719055	0.9735732078552246	0.9977771639823914
0.7678511738777161	0.5682980418205261	0.8859522938728333	0.8754045367240906	0.8562520146369934	0.9441514611244202	0.9076319932937622	1.0
0.8886883854866028	0.6835194826126099	0.7353809475898743	0.9161978960037231	0.897834062576294	0.875022828578949	0.9356867074966431	0.9487577080726624
0.7967554330825806	0.5711401700973511	0.6656104326248169	0.9790570735931396	0.9499520659446716	0.8017441034317017	0.9902123212814331	0.9853479266166687
0.9624876379966736	0.7464593052864075	0.7952835559844971	0.8801209926605225	0.8877048492431641	0.9394070506095886	0.9023545384407043	0.9825907349586487
1.0	0.8260379433631897	0.7018856406211853	0.8777601718902588	0.9029968976974487	0.882603108882904	0.8934010863304138	0.9578105211257935
0.8561272025108337	0.6995788216590881	0.5507856607437134	0.9635292291641235	0.9688279032707214	0.7365644574165344	0.9669402837753296	0.9756185412406921
0.806640088558197	0.6696409583091736	0.5207729339599609	1.0	1.0	0.7246881127357483	1.0	0.9911028742790222
0.8146839737892151	0.715388298034668	0.5556755065917969	0.9947864413261414	0.9948482513427734	0.7349892258644104	0.999866783618927	0.9873426556587219
0.7235175967216492	0.751021146774292	0.30688485503196716	0.9674570560455322	0.9737693071365356	0.5110883116722107	0.9589609503746033	0.8696576356887817
0.6713884472846985	0.7452794909477234	0.3420712351799011	0.8847337961196899	0.8916814923286438	0.5144147872924805	0.8870824575424194	0.7782110571861267
0.6593486666679382	0.8364899754524231	0.6185603141784668	0.7963879108428955	0.7896074056625366	0.6684156656265259	0.8253598213195801	0.7347106337547302
0.42028865218162537	0.7521407604217529	0.4746927320957184	0.7392231225967407	0.7365273237228394	0.5300512909889221	0.7612592577934265	0.6353545188903809
0.45368167757987976	0.7845839858055115	0.5166372656822205	0.6616370677947998	0.6632793545722961	0.591625452041626	0.6895623207092285	0.5635647177696228
0.4710361063480377	0.7808775901794434	0.6328964829444885	0.6271891593933105	0.6170310378074646	0.676781177520752	0.6632559895515442	0.5555797219276428
0.40150249004364014	0.7824761867523193	0.7245456576347351	0.5279088616371155	0.5360791683197021	0.7362152934074402	0.5771915912628174	0.4985354244709015
0.3487970530986786	0.757628858089447	0.6551036834716797	0.5009115934371948	0.5072123408317566	0.7134064435958862	0.5462958216667175	0.4166460335254669
0.1928092986345291	0.5492497086524963	0.7217280864715576	0.43868961930274963	0.4497048854827881	0.7296637892723083	0.4919033944606781	0.4073992967605591
0.12736016511917114	0.3918640911579132	0.7315201759338379	0.4924229085445404	0.5006712675094604	0.7252696752548218	0.5474633574485779	0.47140946984291077
0.0	0.29692479968070984	0.7745283842086792	0.43895381689071655	0.4594804346561432	0.7688188552856445	0.5028116106987	0.3796515464782715
0.01534564420580864	0.27902987599372864	0.7039438486099243	0.44875818490982056	0.4726751446723938	0.7432370185852051	0.5063086748123169	0.3742331862449646
0.11535890400409698	0.251977801322937	0.7030882239341736	0.49069762229919434	0.5129587650299072	0.7251997590065002	0.5454459190368652	0.456495076417923
0.14124438166618347	0.24996064603328705	0.5993880033493042	0.4827389717102051	0.47718188166618347	0.6317809224128723	0.5313859581947327	0.3891347348690033
0.09205624461174011	0.2525620460510254	0.6085166931152344	0.4892933964729309	0.5163347721099854	0.6700178980827332	0.5366814136505127	0.40967199206352234
0.19300484657287598	0.27576252818107605	0.6057831048965454	0.4987931251525879	0.5360819101333618	0.635046660900116	0.5486706495285034	0.4722723662853241
0.3228600025177002	0.33713236451148987	0.533491313457489	0.4867926836013794	0.49836093187332153	0.594101071357727	0.5345563292503357	0.3925938010215759
0.19976717233657837	0.2924768030643463	0.6882565021514893	0.5301439762115479	0.570489227771759	0.6913082003593445	0.5869007110595703	0.5128455758094788
0.17141437530517578	0.36397048830986023	0.6799085140228271	0.5435519218444824	0.5951651930809021	0.6892643570899963	0.5968068838119507	0.5388617515563965
0.30532023310661316	0.43857690691947937	0.6793389320373535	0.5569708943367004	0.5887777805328369	0.6851548552513123	0.6109359860420227	0.5254706144332886
0.49673256278038025	0.5150903463363647	0.8216448426246643	0.6237340569496155	0.598209023475647	0.8593223690986633	0.6703481674194336	0.5112197995185852
0.6247857213020325	0.6907529830932617	0.960350751876831	0.6248074173927307	0.5974434614181519	0.9894791841506958	0.6679254174232483	0.5474587678909302
0.714604377746582	0.8863900899887085	0.9555631875991821	0.4967605471611023	0.4592413306236267	0.9828917980194092	0.5412550568580627	0.3754977583885193
0.767068088054657	0.8367630839347839	0.9123319983482361	0.41699206829071045	0.3879256248474121	0.9668585658073425	0.4575594365596771	0.3220994770526886
0.8996299505233765	0.8502833843231201	0.9705074429512024	0.42040151357650757	0.3890686333179474	0.9840863347053528	0.46346214413642883	0.3371756970882416
0.9307153820991516	1.0	1.0	0.327282577753067	0.29044264554977417	1.0	0.36623671650886536	0.2727629542350769
0.9637005925178528	0.9804266691207886	0.9198687672615051	0.25572454929351807	0.21022920310497284	0.8975798487663269	0.28932034969329834	0.22513866424560547
0.9099544882774353	0.929530680179596	0.709965705871582	0.2206890732049942	0.17311328649520874	0.702982485294342	0.2460777312517166	0.1930675208568573
0.9038970470428467	0.9002631902694702	0.5197747945785522	0.16902419924736023	0.07792359590530396	0.5342650413513184	0.1802372932434082	0.03962200880050659
0.9274402260780334	0.8746225833892822	0.4260067939758301	0.12420544028282166	0.033704616129398346	0.45703694224357605	0.12572002410888672	0.0
0.9439563155174255	0.8388028144836426	0.35833388566970825	0.12481942772865295	0.036344293504953384	0.3896081745624542	0.12159468978643417	0.025800339877605438
0.9488751292228699	0.7796798348426819	0.2109515368938446	0.11322004348039627	0.052469801157712936	0.24622730910778046	0.10487319529056549	0.0808689147233963
0.9142037034034729	0.6480293869972229	0.11644520610570908	0.010002241469919682	0.002206411212682724	0.10773004591464996	0.005466667469590902	0.103111632168293
0.8114017844200134	0.49949389696121216	0.0	0.0	0.0	0.0	0.0	0.06619395315647125
