GO:0051537	GO:0051536	GO:0051540	GO:0009055
0.3244364261627197	0.24477462470531464	0.24404148757457733	0.11572052538394928
0.22386156022548676	0.20245498418807983	0.20003750920295715	0.0
0.20386022329330444	0.1785668581724167	0.1763683557510376	0.007559482473880053
0.2520863115787506	0.1804542988538742	0.18013739585876465	0.022896530106663704
0.024976292625069618	0.05779895931482315	0.05847620591521263	0.08005382120609283
0.30885469913482666	0.41701123118400574	0.4152139127254486	0.37318602204322815
0.7668130397796631	0.9444409012794495	0.939476728439331	0.7154840230941772
0.7326167225837708	0.9233303666114807	0.9185491800308228	0.7331653237342834
0.8854982852935791	1.0	1.0	0.8418021202087402
0.5565041899681091	0.5792410969734192	0.5796903371810913	0.828294575214386
0.7154799103736877	0.7092021107673645	0.7171569466590881	0.7712909579277039
0.7594143748283386	0.7823719382286072	0.7909774780273438	0.6907389760017395
0.18086294829845428	0.301210880279541	0.2974270284175873	0.26117318868637085
0.3054811954498291	0.2284952849149704	0.23259562253952026	0.0955883041024208
0.07698220759630203	0.10486472398042679	0.10383854806423187	0.0027260903734713793
0.2902970612049103	0.21081145107746124	0.21346303820610046	0.053752634674310684
0.30222469568252563	0.2507190704345703	0.24850323796272278	0.04279863461852074
0.20611928403377533	0.11744426190853119	0.11653190106153488	0.06550737470388412
0.21049557626247406	0.11663977056741714	0.11604581773281097	0.10546952486038208
0.05461842194199562	0.03480372205376625	0.034789085388183594	0.13462990522384644
0.0	0.0	0.0	0.11913695931434631
0.23814499378204346	0.11842694878578186	0.11934226751327515	0.12576007843017578
0.05461842194199562	0.03480372205376625	0.034789085388183594	0.13462990522384644
0.07444767653942108	0.03825123608112335	0.03853220120072365	0.1476174294948578
0.07444767653942108	0.03825123608112335	0.03853220120072365	0.1476174294948578
0.1284923106431961	0.07327141612768173	0.07352373003959656	0.1627737283706665
0.07448498159646988	0.05344686284661293	0.054058514535427094	0.14142733812332153
0.15008820593357086	0.09962306916713715	0.09941095858812332	0.13563382625579834
0.13995110988616943	0.12058094143867493	0.12340785562992096	0.06044431030750275
0.17784756422042847	0.13235992193222046	0.13629840314388275	0.04536890238523483
0.19461564719676971	0.1742710918188095	0.177451491355896	0.06964866071939468
0.14643508195877075	0.1438094526529312	0.14534489810466766	0.0777183473110199
0.4066639840602875	0.45452630519866943	0.4624546766281128	0.25308218598365784
0.7055188417434692	0.6547369956970215	0.6695763468742371	0.6533203125
0.4003404378890991	0.5441339612007141	0.5475331544876099	0.6007992029190063
0.5304574966430664	0.49225613474845886	0.507331907749176	0.5116930603981018
0.8376588821411133	0.7893758416175842	0.8004133105278015	0.8790385723114014
0.8166097402572632	0.793889045715332	0.8046759963035583	0.8382163643836975
1.0	0.8049963116645813	0.8168520331382751	0.9547795057296753
0.8205932378768921	0.7539033889770508	0.759270191192627	1.0
0.40033990144729614	0.338834285736084	0.33547529578208923	0.6800501942634583
0.601832926273346	0.39395055174827576	0.40095582604408264	0.6247350573539734
0.5131956338882446	0.2905972898006439	0.29422852396965027	0.4975442886352539
0.49168261885643005	0.41841694712638855	0.42122116684913635	0.2892336845397949
0.1458977311849594	0.20611613988876343	0.20270538330078125	0.04236113280057907
0.12999840080738068	0.1784088909626007	0.17336782813072205	0.010421761311590672
0.12999840080738068	0.1784088909626007	0.17336782813072205	0.010421761311590672
0.12379688769578934	0.14329524338245392	0.13904906809329987	0.0026978750247508287
0.14696426689624786	0.19488978385925293	0.19113577902317047	0.05552900955080986
0.11401247978210449	0.11303165555000305	0.11160771548748016	0.03853888437151909
0.3079361915588379	0.26712778210639954	0.26772546768188477	0.29766079783439636
0.36391681432724	0.27900007367134094	0.2870616614818573	0.32280561327934265
0.3383472263813019	0.3465351164340973	0.3456147611141205	0.2747650742530823
0.451142817735672	0.3291078507900238	0.3367178738117218	0.32784682512283325
0.2982511818408966	0.26195135712623596	0.26798015832901	0.2603400945663452
0.2613455057144165	0.2690272927284241	0.27044975757598877	0.26620057225227356
0.28020939230918884	0.2987862527370453	0.29995107650756836	0.26231634616851807
0.5675469636917114	0.4199821650981903	0.4249609410762787	0.3988148272037506
0.449223130941391	0.36034518480300903	0.36579233407974243	0.3012172281742096
0.5098699927330017	0.37807732820510864	0.38551342487335205	0.319476455450058
0.7572267055511475	0.5244259238243103	0.5359360575675964	0.4710337221622467
0.7255510687828064	0.42256253957748413	0.43041810393333435	0.660346508026123
0.6870877146720886	0.5671144723892212	0.5734942555427551	0.5237029194831848
0.5837109088897705	0.5141475796699524	0.5191518664360046	0.4845840036869049
0.6638813614845276	0.5250323414802551	0.5329846739768982	0.5549066066741943
