GO:0046914	GO:0005506	GO:0016151	GO:0046906	GO:0016746	GO:0016701	GO:0016627	GO:0051213	GO:0016853	GO:0016702	GO:0140104	GO:0020037
0.8569794297218323	0.6963421106338501	0.8574492931365967	0.0	0.09649521857500076	1.0	1.0	1.0	0.7053117156028748	1.0	0.21618494391441345	0.39004719257354736
0.7730062007904053	0.6849412322044373	0.776964008808136	0.07716739177703857	0.14253677427768707	0.9533196091651917	0.9925334453582764	0.9453904628753662	0.6783713698387146	0.9529787302017212	0.31146129965782166	0.442238450050354
0.6775543689727783	0.6666141748428345	0.6372302770614624	0.09029513597488403	0.20415279269218445	0.8211091160774231	0.8968729972839355	0.8244464993476868	0.6026546955108643	0.8357855677604675	0.4384499490261078	0.3918510377407074
0.6902669072151184	0.7199750542640686	0.5700869560241699	0.29833176732063293	0.3795510530471802	0.7663134932518005	0.8800832033157349	0.7918481230735779	0.5889544486999512	0.7808687090873718	0.5656344294548035	0.5118854641914368
0.5243546366691589	0.6443554162979126	0.40070322155952454	0.5054506659507751	0.6430922746658325	0.4145197868347168	0.6994935870170593	0.44662317633628845	0.3548774719238281	0.4407791793346405	0.8062856793403625	0.5328773856163025
0.2328331172466278	0.25416299700737	0.21565724909305573	0.5270203948020935	0.5793722867965698	0.3241060674190521	0.7813467979431152	0.28360942006111145	0.3743281662464142	0.32106301188468933	0.7276260256767273	0.4939688742160797
0.12677761912345886	0.208378866314888	0.0960361510515213	0.7339069247245789	0.46309393644332886	0.42265889048576355	0.7930147647857666	0.39374470710754395	0.5706411004066467	0.43204718828201294	0.8345627784729004	0.7220361232757568
0.24230629205703735	0.2648601531982422	0.16832812130451202	0.6345415711402893	0.5552911162376404	0.35283124446868896	0.7513903379440308	0.30626970529556274	0.3642713725566864	0.34788796305656433	0.8094190359115601	0.6135311126708984
0.17821502685546875	0.19824698567390442	0.11847791820764542	0.6443710923194885	0.5476517677307129	0.3499906659126282	0.7200073003768921	0.3030090928077698	0.3909370005130768	0.343625009059906	0.7939355373382568	0.6148179173469543
0.43488290905952454	0.6145377159118652	0.31812822818756104	0.6039080023765564	0.6379022002220154	0.48583754897117615	0.6722272038459778	0.5120216608047485	0.4095051884651184	0.5006119608879089	0.8831613659858704	0.6188329458236694
0.43240946531295776	0.7089881300926208	0.29490482807159424	0.6164085268974304	0.7687937617301941	0.5929948687553406	0.8569185733795166	0.583782970905304	0.5020585656166077	0.5951906442642212	0.9883435964584351	0.6201493144035339
0.33690348267555237	0.46008267998695374	0.3825345039367676	0.5058565139770508	0.7459259629249573	0.32045453786849976	0.8077274560928345	0.3102473318576813	0.33974960446357727	0.3175218105316162	0.6360199451446533	0.44237804412841797
0.5044838786125183	0.7206090092658997	0.47839319705963135	0.48809412121772766	0.754829466342926	0.4857434034347534	0.6624686121940613	0.4838849902153015	0.4723188877105713	0.4879175126552582	0.7276673913002014	0.5070915222167969
0.479726642370224	0.6576521992683411	0.47431716322898865	0.435708612203598	0.7609421014785767	0.38714200258255005	0.5661259293556213	0.39736971259117126	0.39247992634773254	0.393886923789978	0.794969379901886	0.42397254705429077
0.8795289993286133	0.9616225361824036	0.8135062456130981	0.6067908406257629	1.0	0.4017825722694397	0.7312898635864258	0.3290199041366577	0.35480645298957825	0.4276047646999359	0.7740643620491028	0.564860999584198
0.905242919921875	1.0	0.9597489833831787	0.5589070916175842	0.8996614813804626	0.4021857976913452	0.6395877599716187	0.3886789381504059	0.37030643224716187	0.44568437337875366	0.7075800895690918	0.5450317859649658
0.7152336239814758	0.849615752696991	0.641680896282196	0.6230443120002747	0.6974523067474365	0.43379464745521545	0.5481084585189819	0.42734071612358093	0.42037516832351685	0.4605449438095093	0.8765264749526978	0.6584553122520447
0.8451594114303589	0.8848516941070557	0.8689975738525391	0.5500411987304688	0.8482744693756104	0.39316070079803467	0.5473132133483887	0.3566434681415558	0.3703726828098297	0.42925992608070374	0.813138484954834	0.557216465473175
0.7069099545478821	0.7739853262901306	0.8283261656761169	0.4788699150085449	0.8351413607597351	0.4254245162010193	0.5218694806098938	0.34740012884140015	0.4344547986984253	0.43917134404182434	0.7828150391578674	0.48734050989151
0.7095887064933777	0.7344754338264465	0.8074405789375305	0.48883867263793945	0.7644354104995728	0.3748534023761749	0.5394583940505981	0.31979092955589294	0.3863503932952881	0.39217478036880493	0.756809651851654	0.4825996160507202
0.6822171211242676	0.7219045162200928	0.7215917706489563	0.4945206940174103	0.666146993637085	0.3825409710407257	0.4671344757080078	0.3613560199737549	0.2848414480686188	0.4124881625175476	0.6668134331703186	0.4804386794567108
0.7965483665466309	0.7570840120315552	0.8845434784889221	0.38245096802711487	0.7875028848648071	0.3144405782222748	0.43289119005203247	0.25194600224494934	0.30897462368011475	0.3550091087818146	0.6197884678840637	0.34380078315734863
0.7311252951622009	0.7235332727432251	0.8458686470985413	0.41503265500068665	0.8121170401573181	0.32179349660873413	0.44963422417640686	0.2733509838581085	0.3240645229816437	0.35059094429016113	0.6863390803337097	0.36714664101600647
0.7192606925964355	0.7762473225593567	0.7598684430122375	0.4673348665237427	0.9048298597335815	0.3707762360572815	0.5268898606300354	0.26151931285858154	0.4700535237789154	0.3932534158229828	0.694097638130188	0.4247508943080902
0.8211207985877991	0.8570059537887573	0.6780826449394226	0.5520495772361755	0.7930483222007751	0.3123887777328491	0.5000422596931458	0.22598519921302795	0.44080275297164917	0.31793278455734253	0.4735086262226105	0.47317126393318176
0.9058123230934143	0.9273054003715515	0.7217055559158325	0.8014519214630127	0.8435075283050537	0.30575019121170044	0.7441610097885132	0.1878461241722107	0.31934764981269836	0.32689329981803894	0.7848487496376038	0.7420809268951416
0.597987174987793	0.708354115486145	0.34332332015037537	0.6103478670120239	0.49133917689323425	0.5350767374038696	0.36523643136024475	0.3586566746234894	0.6897608041763306	0.5281459093093872	0.47443145513534546	0.5089629292488098
0.6849460005760193	0.8357840180397034	0.480223149061203	0.7251946330070496	0.8192703127861023	0.3429746627807617	0.8299850821495056	0.2870878577232361	0.39089885354042053	0.3486786186695099	0.8181157112121582	0.6500371098518372
0.35531917214393616	0.3936608135700226	0.2560482919216156	0.5248472690582275	0.6464458107948303	0.3658851385116577	0.6552226543426514	0.22487366199493408	0.5933066010475159	0.3286712169647217	0.3043263554573059	0.3466108739376068
0.24675928056240082	0.3400820195674896	0.07501643151044846	0.6696988344192505	0.5456936359405518	0.16628709435462952	0.8036481738090515	0.14174848794937134	0.3292168080806732	0.14864687621593475	0.627705991268158	0.6048184633255005
0.1390656679868698	0.3172663450241089	0.0029518918599933386	0.8792651891708374	0.3412274420261383	0.42572441697120667	0.8194770216941833	0.41399651765823364	0.48391902446746826	0.4207005202770233	1.0	0.947263777256012
0.522083580493927	0.6169921159744263	0.43153485655784607	0.8613241314888	0.4222054183483124	0.44236287474632263	0.6931278705596924	0.42298445105552673	0.47011229395866394	0.4533815085887909	0.635809063911438	0.8388891220092773
0.5625600814819336	0.5723759531974792	0.4750516712665558	0.7320083379745483	0.37838611006736755	0.4330595135688782	0.6970407366752625	0.4186122715473175	0.5939310789108276	0.4547538757324219	0.4957323968410492	0.6817347407341003
0.5247067809104919	0.5282777547836304	0.5783352851867676	0.787512481212616	0.416536808013916	0.55941241979599	0.6765422224998474	0.5059961080551147	0.7209880352020264	0.5826861262321472	0.352667897939682	0.6991588473320007
0.38452664017677307	0.35436344146728516	0.41148480772972107	1.0	0.1238030195236206	0.6178445816040039	0.4897626042366028	0.5448803305625916	0.7977482080459595	0.646770715713501	0.6917755007743835	1.0
0.2299625426530838	0.1998310685157776	0.3565753996372223	0.7707290649414062	0.0	0.5311570167541504	0.2867361605167389	0.4803869128227234	0.7946569919586182	0.5626691579818726	0.38744938373565674	0.732672393321991
0.15593107044696808	0.2450815737247467	0.13630686700344086	0.8184199929237366	0.07145005464553833	0.5157608985900879	0.46257463097572327	0.44834622740745544	0.6784490346908569	0.5095162987709045	0.6311482787132263	0.7667075395584106
0.7794631123542786	0.8740646243095398	0.7677233815193176	0.7301709055900574	0.3687666952610016	0.6405845880508423	0.48943260312080383	0.6611778736114502	0.7793323993682861	0.6987040042877197	0.35088199377059937	0.6672343015670776
0.48784008622169495	0.4896799325942993	0.4624349772930145	0.65433269739151	0.3164764940738678	0.6688334941864014	0.517164409160614	0.5708788633346558	1.0	0.6739343404769897	0.027363602072000504	0.487615704536438
0.462651789188385	0.5740833878517151	0.33316224813461304	0.806029200553894	0.19064146280288696	0.6149439811706543	0.5473208427429199	0.5412213206291199	0.808707594871521	0.5989680290222168	0.34393447637557983	0.6947835683822632
0.15032240748405457	0.33276116847991943	0.0	0.7172892093658447	0.33925244212150574	0.5598261952400208	0.6228843331336975	0.46070289611816406	0.9270201325416565	0.5316720604896545	0.33142390847206116	0.5630509853363037
0.43687987327575684	0.6673715710639954	0.25491634011268616	0.6317907571792603	0.3104498088359833	0.7172619700431824	0.5244616866111755	0.6853578090667725	0.9927518963813782	0.7263699173927307	0.2274041622877121	0.5068368911743164
0.18518322706222534	0.31475287675857544	0.12448783963918686	0.7495393753051758	0.28862401843070984	0.5939587950706482	0.6188083291053772	0.503383994102478	0.8484323024749756	0.5784289836883545	0.24738098680973053	0.603212296962738
0.3358393907546997	0.4865310490131378	0.3412422239780426	0.7607629895210266	0.5021571516990662	0.604532778263092	0.7290197610855103	0.5121269226074219	0.7667980194091797	0.5803013443946838	0.43754687905311584	0.6486380100250244
0.6445994973182678	0.750562846660614	0.5108993649482727	0.5642229318618774	0.5235297083854675	0.5598156452178955	0.6184276342391968	0.455625981092453	0.6869307160377502	0.549776554107666	0.29671144485473633	0.458585262298584
0.8017090559005737	0.9467155933380127	0.6644313335418701	0.5777091383934021	0.4917091429233551	0.7010448575019836	0.6176775693893433	0.670067548751831	0.7547101378440857	0.6958521008491516	0.2504902184009552	0.5077793002128601
0.695934534072876	0.8773552179336548	0.585128903388977	0.5464692711830139	0.6253369450569153	0.7035992741584778	0.692660927772522	0.6758538484573364	0.7745659351348877	0.6922224760055542	0.2556148171424866	0.43990692496299744
0.7687467932701111	0.9383071064949036	0.7986223101615906	0.47179171442985535	0.8920931816101074	0.6062237620353699	0.7245806455612183	0.5480433106422424	0.6357273459434509	0.5991787314414978	0.42842674255371094	0.40263831615448
0.7542370557785034	0.7619932293891907	0.7105430364608765	0.4288516044616699	0.6772634387016296	0.4334408640861511	0.5995185971260071	0.3865547776222229	0.5303225517272949	0.4303433895111084	0.24744434654712677	0.308260977268219
0.7690885066986084	0.7987390756607056	0.697532594203949	0.5640289187431335	0.6046634912490845	0.5078631043434143	0.6183350086212158	0.45780089497566223	0.6090332269668579	0.5074469447135925	0.2829348146915436	0.4668808877468109
0.4913141429424286	0.7554682493209839	0.4326799809932709	0.5561028718948364	0.5695288181304932	0.7240892648696899	0.5761005282402039	0.6536257863044739	0.7563468813896179	0.6990265846252441	0.5697005987167358	0.5568276047706604
0.5610378384590149	0.5922451019287109	0.6227447390556335	0.5100125670433044	0.6343559622764587	0.4089338779449463	0.584549069404602	0.3654768168926239	0.46210312843322754	0.41306814551353455	0.5973536372184753	0.46423259377479553
0.643858015537262	0.45372727513313293	0.6157476902008057	0.537987232208252	0.5459493398666382	0.31029239296913147	0.4376310706138611	0.23988763988018036	0.4276668429374695	0.3430255651473999	0.45754310488700867	0.43061450123786926
0.4946621060371399	0.3886808156967163	0.5265662670135498	0.5180253386497498	0.6484711766242981	0.3157190978527069	0.5877593159675598	0.2712864875793457	0.4311125576496124	0.3290974199771881	0.5944774150848389	0.4644726812839508
0.38761869072914124	0.3816136121749878	0.4668768346309662	0.5381554365158081	0.595747709274292	0.4166770279407501	0.5933237671852112	0.4026472866535187	0.4217888414859772	0.42624568939208984	0.7309540510177612	0.5337804555892944
0.4551350176334381	0.2664225101470947	0.5294255018234253	0.3484366238117218	0.5880835652351379	0.15857307612895966	0.4049506187438965	0.16408586502075195	0.3070918023586273	0.1850334107875824	0.46796974539756775	0.22460494935512543
0.4441968500614166	0.29608777165412903	0.3091781437397003	0.525992751121521	0.7493770122528076	0.2471769005060196	0.6317201852798462	0.23076501488685608	0.46677297353744507	0.2677552402019501	0.47672826051712036	0.3698805570602417
0.34505292773246765	0.4275573492050171	0.4786958694458008	0.5305472016334534	0.8024063110351562	0.44258245825767517	0.6577691435813904	0.3913916051387787	0.4334143400192261	0.45017141103744507	0.7768489122390747	0.507526159286499
0.6276848316192627	0.48612651228904724	0.8206158876419067	0.39347273111343384	0.47342076897621155	0.3358256220817566	0.3373401463031769	0.3173200190067291	0.2735024690628052	0.365563303232193	0.6375957131385803	0.38513484597206116
0.6843820810317993	0.5064184069633484	0.7924819588661194	0.5273544192314148	0.3012021481990814	0.3243550658226013	0.3477467894554138	0.3292224407196045	0.22889739274978638	0.35069510340690613	0.6841801404953003	0.5378627181053162
0.584273636341095	0.5528894066810608	0.7869663834571838	0.4350486993789673	0.5840693116188049	0.41349270939826965	0.4032256603240967	0.39548400044441223	0.30259397625923157	0.4446337819099426	0.7231730818748474	0.4394833445549011
0.5127381682395935	0.4450753629207611	0.7647860050201416	0.41755929589271545	0.6482933759689331	0.36832189559936523	0.3779747188091278	0.358211874961853	0.2490963488817215	0.41339585185050964	0.7340720891952515	0.40031906962394714
0.5945666432380676	0.5669223070144653	0.6729665994644165	0.5638043880462646	0.4162789583206177	0.38740965723991394	0.39183753728866577	0.4293070137500763	0.18942055106163025	0.44154974818229675	0.8065176010131836	0.5810040235519409
0.5512656569480896	0.4610321521759033	0.6355569362640381	0.45261695981025696	0.3677127957344055	0.3276488482952118	0.2584989368915558	0.3787800073623657	0.14117802679538727	0.3907741606235504	0.6987308859825134	0.42081621289253235
0.5298711061477661	0.4756479561328888	0.6020607948303223	0.6338326334953308	0.12211447954177856	0.25523197650909424	0.4090094566345215	0.3246011734008789	0.09913688898086548	0.28235024213790894	0.7409217357635498	0.6725818514823914
0.32754796743392944	0.19324612617492676	0.546931266784668	0.3161860704421997	0.27529606223106384	0.16055414080619812	0.20294228196144104	0.1909783035516739	0.11319177597761154	0.1920696645975113	0.6370667219161987	0.30741170048713684
0.0	0.0	0.40008002519607544	0.3126092255115509	0.5548366904258728	0.0	0.38581040501594543	0.005142304580658674	0.04445648565888405	0.0	0.6928255558013916	0.2319532185792923
0.1710323989391327	0.15074393153190613	0.3740798234939575	0.4776655435562134	0.6015449166297913	0.2115197628736496	0.40066292881965637	0.18438707292079926	0.15487073361873627	0.22560833394527435	0.752058744430542	0.4500803053379059
0.41110894083976746	0.4621037244796753	0.5127222537994385	0.7371573448181152	0.374023973941803	0.3559623658657074	0.6393337249755859	0.3333738446235657	0.13308729231357574	0.3465085029602051	0.7965385913848877	0.8100445866584778
0.34895122051239014	0.33942654728889465	0.5163342356681824	0.6665730476379395	0.533778965473175	0.33886563777923584	0.5136781334877014	0.2617868483066559	0.20196890830993652	0.3252260684967041	0.8172271251678467	0.7267470359802246
0.4434494078159332	0.4775199890136719	0.549490749835968	0.7121959328651428	0.5019776821136475	0.45344844460487366	0.5812513828277588	0.3816922605037689	0.23421579599380493	0.44449204206466675	0.8240545392036438	0.8179841637611389
0.4633518159389496	0.4540739059448242	0.5784493684768677	0.7098537683486938	0.5351951122283936	0.4454626739025116	0.5458931922912598	0.3729609549045563	0.23534175753593445	0.4369945526123047	0.8051439523696899	0.7843263745307922
0.4219262897968292	0.4592336118221283	0.5094084143638611	0.5887014865875244	0.5020663142204285	0.45213913917541504	0.5096404552459717	0.42336395382881165	0.2085379809141159	0.45467808842658997	0.7141673564910889	0.644479513168335
0.48993217945098877	0.5193884372711182	0.5433385372161865	0.6803184747695923	0.4661199450492859	0.49097341299057007	0.514117419719696	0.4570951461791992	0.23176565766334534	0.4953322410583496	0.74553382396698	0.753847062587738
0.5244526267051697	0.5527796149253845	0.5585640668869019	0.7509716749191284	0.4713331162929535	0.5176172256469727	0.5617862343788147	0.47211605310440063	0.23352955281734467	0.5164696574211121	0.8008049130439758	0.8516443371772766
0.5070920586585999	0.5304443836212158	0.5595086812973022	0.6874749064445496	0.48933324217796326	0.4890434145927429	0.5441229939460754	0.44329923391342163	0.22417372465133667	0.4874332547187805	0.7620053887367249	0.7698166966438293
0.444624662399292	0.5167252421379089	0.5144966840744019	0.6612569093704224	0.4676060974597931	0.49950677156448364	0.5651307702064514	0.47593045234680176	0.28748300671577454	0.5065674781799316	0.7375363111495972	0.7349463105201721
0.49407774209976196	0.5295940637588501	0.5114479660987854	0.6205840110778809	0.4107822775840759	0.43777140974998474	0.5435369610786438	0.4432463049888611	0.2969699203968048	0.4538767635822296	0.7015770673751831	0.6634700298309326
0.5534848570823669	0.5874021649360657	0.5283153653144836	0.6815159320831299	0.420278936624527	0.47648367285728455	0.5491132140159607	0.4681272804737091	0.2851036489009857	0.4862532913684845	0.7356734275817871	0.7352396845817566
0.6106340885162354	0.6503179669380188	0.5562512874603271	0.7112866640090942	0.4809005856513977	0.503538191318512	0.5461748242378235	0.48953890800476074	0.2692582905292511	0.5212506055831909	0.7403402328491211	0.7488052248954773
0.48566922545433044	0.5393795371055603	0.5179381966590881	0.4939442276954651	0.44681549072265625	0.43947723507881165	0.5194797515869141	0.45459091663360596	0.2872844636440277	0.4478636085987091	0.6177356243133545	0.5243387818336487
0.4843560457229614	0.5775806903839111	0.45167821645736694	0.5456374287605286	0.49065735936164856	0.4224046766757965	0.4703425168991089	0.4390643537044525	0.3064664602279663	0.4468872845172882	0.6674289703369141	0.5440260171890259
0.6230236887931824	0.650402307510376	0.49030983448028564	0.5523988604545593	0.6254974007606506	0.4561070501804352	0.5668458342552185	0.44256386160850525	0.331739217042923	0.48108962178230286	0.6896525621414185	0.5347388982772827
0.42679792642593384	0.4602357745170593	0.4651724696159363	0.4639620780944824	0.6883820295333862	0.43113675713539124	0.5320960283279419	0.3736538589000702	0.3289038836956024	0.43096956610679626	0.6755034327507019	0.441351979970932
0.43157169222831726	0.5007596611976624	0.4501746594905853	0.28236278891563416	0.5837474465370178	0.38930878043174744	0.4464218318462372	0.3819141089916229	0.31352153420448303	0.4070916473865509	0.5395481586456299	0.2500181794166565
0.4659085273742676	0.46407511830329895	0.4960746169090271	0.44950589537620544	0.6954632997512817	0.3462951183319092	0.4680359661579132	0.3080997169017792	0.3842281997203827	0.3694209158420563	0.7127105593681335	0.3885059952735901
0.6274157762527466	0.5347616672515869	0.6011905670166016	0.6773778796195984	0.7378522753715515	0.4523541033267975	0.6985653042793274	0.4268752932548523	0.1625562161207199	0.4604882299900055	0.799547016620636	0.6681634187698364
0.6153596639633179	0.5734121203422546	0.6015071868896484	0.48983320593833923	0.7425637245178223	0.33674147725105286	0.5472458004951477	0.30999621748924255	0.2783673405647278	0.3566615879535675	0.7263274788856506	0.4371304214000702
0.41942235827445984	0.3748229444026947	0.4580032229423523	0.40968793630599976	0.6120599508285522	0.17773930728435516	0.3757149577140808	0.19302885234355927	0.29857710003852844	0.2102680653333664	0.6797690391540527	0.34760451316833496
0.4402526915073395	0.45749223232269287	0.4699595272541046	0.43836262822151184	0.5672011375427246	0.20866769552230835	0.31658196449279785	0.24037818610668182	0.2798624634742737	0.2473134845495224	0.6905642151832581	0.38508081436157227
0.3722165822982788	0.3863639533519745	0.3979346454143524	0.4539622962474823	0.47535234689712524	0.23371373116970062	0.34525805711746216	0.2536940276622772	0.26728692650794983	0.26491978764533997	0.6726894974708557	0.4282084107398987
0.3550294041633606	0.3588276505470276	0.3873153626918793	0.47163185477256775	0.45384225249290466	0.21890811622142792	0.35511940717697144	0.24402479827404022	0.24109722673892975	0.24940161406993866	0.6793898940086365	0.4524853527545929
0.3462400734424591	0.37019315361976624	0.37513840198516846	0.4698283076286316	0.46072930097579956	0.23706382513046265	0.3463548719882965	0.2503683567047119	0.28488728404045105	0.26208847761154175	0.6785570979118347	0.4459823668003082
0.38339272141456604	0.43838223814964294	0.3975173830986023	0.4402025043964386	0.537348747253418	0.2695575952529907	0.34557676315307617	0.28405657410621643	0.3696872591972351	0.2952793836593628	0.6998059749603271	0.40582895278930664
0.33992642164230347	0.3891526758670807	0.3589480221271515	0.3673475980758667	0.4061795771121979	0.2607544958591461	0.40588584542274475	0.3308759927749634	0.30705389380455017	0.29028594493865967	0.6482141017913818	0.36820289492607117
0.3705163896083832	0.37721291184425354	0.4125305116176605	0.36818572878837585	0.496992826461792	0.21614332497119904	0.4063809812068939	0.25440070033073425	0.3555474877357483	0.2501193881034851	0.6332207918167114	0.3365562856197357
0.43516501784324646	0.45994389057159424	0.44809436798095703	0.4896424114704132	0.48346394300460815	0.2506900131702423	0.49732938408851624	0.296821653842926	0.2166927307844162	0.2683353126049042	0.8071954846382141	0.5399481654167175
0.28838616609573364	0.4125307500362396	0.3863201141357422	0.357209712266922	0.38239622116088867	0.3903633654117584	0.42622020840644836	0.4139735698699951	0.28630998730659485	0.3960737884044647	0.637550950050354	0.3974849283695221
0.3349573016166687	0.4063204526901245	0.36193907260894775	0.42947447299957275	0.4281690716743469	0.38132596015930176	0.4680270850658417	0.4092182219028473	0.3055834174156189	0.40319108963012695	0.6471290588378906	0.44689756631851196
0.43588948249816895	0.4924812614917755	0.46562573313713074	0.2701921761035919	0.4933270215988159	0.3390725255012512	0.4853626489639282	0.36361661553382874	0.26743724942207336	0.35195016860961914	0.6026304364204407	0.3031894564628601
0.4549466371536255	0.5537974834442139	0.42096269130706787	0.3105344772338867	0.5480806231498718	0.39091870188713074	0.5323999524116516	0.43915998935699463	0.27854791283607483	0.4053136706352234	0.6209987998008728	0.3344908058643341
0.33913999795913696	0.42335519194602966	0.4476163983345032	0.3934427499771118	0.4241107404232025	0.3946782350540161	0.4780135452747345	0.4082747995853424	0.3217012882232666	0.40648019313812256	0.6249423027038574	0.401404470205307
0.23473310470581055	0.3336423933506012	0.295730859041214	0.3464002013206482	0.4348047077655792	0.32838088274002075	0.42573854327201843	0.38498324155807495	0.32691773772239685	0.3582906723022461	0.6339110732078552	0.30929839611053467
0.28291258215904236	0.31678906083106995	0.3575567603111267	0.19454017281532288	0.4733269512653351	0.2535094916820526	0.4244103729724884	0.31286585330963135	0.25418710708618164	0.27331113815307617	0.6288131475448608	0.17270773649215698
0.24534772336483002	0.34753119945526123	0.35296306014060974	0.301442414522171	0.45756685733795166	0.3623765707015991	0.4132990837097168	0.378790944814682	0.28529655933380127	0.38245701789855957	0.55184406042099	0.23818501830101013
0.41804254055023193	0.4231814444065094	0.44650816917419434	0.5175349712371826	0.26131531596183777	0.37881550192832947	0.4982856512069702	0.35201388597488403	0.3233703672885895	0.39676421880722046	0.5485619902610779	0.4992102086544037
0.3417009711265564	0.1877763271331787	0.20178240537643433	0.43704313039779663	0.35840755701065063	0.1631592959165573	0.4252370297908783	0.1948733776807785	0.2905965745449066	0.18338927626609802	0.2983766794204712	0.220514714717865
0.48879626393318176	0.282349556684494	0.2983616888523102	0.4856550097465515	0.2973175346851349	0.11827071011066437	0.4027748703956604	0.1472007781267166	0.2120787501335144	0.14678823947906494	0.2307126671075821	0.28918662667274475
0.5643057823181152	0.1945723593235016	0.44414854049682617	0.4303388297557831	0.2214832603931427	0.045380085706710815	0.19445401430130005	0.06922119110822678	0.10500084608793259	0.08728396147489548	0.1314639449119568	0.1895836889743805
0.7978144884109497	0.3965453803539276	0.5560290813446045	0.5308327674865723	0.44810399413108826	0.08972259610891342	0.2941482663154602	0.13807286322116852	0.0864759013056755	0.15248972177505493	0.13324934244155884	0.27046671509742737
1.0	0.6303773522377014	0.5462462306022644	0.7308235168457031	0.46647512912750244	0.22538112103939056	0.4257540702819824	0.19704271852970123	0.23313525319099426	0.28098565340042114	0.0	0.4461706280708313
0.916110098361969	0.592376708984375	0.5462186336517334	0.6629435420036316	0.4204472303390503	0.24743381142616272	0.38542792201042175	0.2323993742465973	0.2262464314699173	0.31192654371261597	0.09369276463985443	0.39392125606536865
0.8062455058097839	0.55459064245224	0.5278266072273254	0.6102230548858643	0.4282737672328949	0.24674473702907562	0.41050922870635986	0.261791855096817	0.17571337521076202	0.2990207076072693	0.21036383509635925	0.4076084494590759
0.8026105761528015	0.5738847255706787	0.5511674880981445	0.6731477379798889	0.4784068167209625	0.28766053915023804	0.42694228887557983	0.27760040760040283	0.2310762256383896	0.32577428221702576	0.28427860140800476	0.49477240443229675
0.965373158454895	0.5951929688453674	0.5200603008270264	0.5860205888748169	0.5105730891227722	0.3073647618293762	0.33275777101516724	0.2866528332233429	0.3048050105571747	0.38469836115837097	0.07277935743331909	0.3516470789909363
0.6877647042274475	0.46625789999961853	0.5427535176277161	0.4063042104244232	0.469273179769516	0.1293841004371643	0.3197998106479645	0.13500407338142395	0.1603931188583374	0.18312112987041473	0.17833539843559265	0.19605503976345062
0.6341606378555298	0.4300316274166107	0.6146664023399353	0.39563846588134766	0.5042886734008789	0.22291159629821777	0.34612441062927246	0.17346061766147614	0.3628815710544586	0.26069653034210205	0.3920438587665558	0.24089503288269043
0.845732569694519	0.6181509494781494	0.677935004234314	0.5671989321708679	0.4187808930873871	0.3376714885234833	0.3783127963542938	0.2924625873565674	0.4603477418422699	0.38355153799057007	0.4147799015045166	0.469259113073349
0.7726753354072571	0.5779276490211487	0.6693015098571777	0.48332974314689636	0.42758679389953613	0.30511584877967834	0.3802067041397095	0.2681095004081726	0.33532464504241943	0.36569151282310486	0.35870152711868286	0.3713710606098175
0.6283087730407715	0.678352415561676	0.7303252816200256	0.5269888043403625	0.46580663323402405	0.48233962059020996	0.4824659824371338	0.4354138672351837	0.3055295944213867	0.5262354612350464	0.6945095062255859	0.5254830121994019
0.5164604187011719	0.5894050002098083	0.44372013211250305	0.45339441299438477	0.34592175483703613	0.6199004650115967	0.41231000423431396	0.542340874671936	0.6024476289749146	0.6235896348953247	0.4179126024246216	0.4270821213722229
0.40153008699417114	0.47755953669548035	0.3733713924884796	0.3335649371147156	0.48345962166786194	0.5302724838256836	0.4152410328388214	0.4905717670917511	0.5418271422386169	0.5320960879325867	0.3625680208206177	0.2267177700996399
0.8322404623031616	0.8406599760055542	0.7615615725517273	0.6250254511833191	0.6385911703109741	0.49904224276542664	0.4070796072483063	0.3703969717025757	0.6083018779754639	0.5186427235603333	0.5972483158111572	0.5424157381057739
0.8013785481452942	0.7320888638496399	0.8712545037269592	0.5277933478355408	0.7231169939041138	0.324436753988266	0.43286651372909546	0.24407853186130524	0.28775641322135925	0.3741757273674011	0.7008228898048401	0.4870162904262543
0.3448168635368347	0.3282136023044586	0.49634823203086853	0.48442935943603516	0.5401953458786011	0.26406288146972656	0.4119288921356201	0.259164422750473	0.21909268200397491	0.2864226698875427	0.7679204344749451	0.4097689986228943
0.3972802460193634	0.38875001668930054	0.4360431134700775	0.44622355699539185	0.46766310930252075	0.33282649517059326	0.3718414306640625	0.3355177342891693	0.31541815400123596	0.36452221870422363	0.6319291591644287	0.37545526027679443
0.5804055333137512	0.5377617478370667	0.6918274760246277	0.5289403796195984	0.5716303586959839	0.31348177790641785	0.39211922883987427	0.2980819344520569	0.2440069615840912	0.3497697710990906	0.737931489944458	0.5077067017555237
0.3841434121131897	0.3484897315502167	0.5374976992607117	0.49266424775123596	0.504021406173706	0.3122043013572693	0.4186405837535858	0.3054000735282898	0.1977587789297104	0.3326157033443451	0.7374427318572998	0.4411037266254425
0.45623260736465454	0.37460577487945557	0.5069003701210022	0.43914371728897095	0.3528830111026764	0.2830754816532135	0.32200556993484497	0.2577327489852905	0.2841130197048187	0.30509430170059204	0.5746036171913147	0.36850520968437195
0.47314316034317017	0.34268662333488464	0.5078496932983398	0.4911113977432251	0.3784814774990082	0.19276919960975647	0.3648686110973358	0.17712639272212982	0.25518766045570374	0.21351398527622223	0.5624377727508545	0.40532851219177246
0.5502633452415466	0.35203632712364197	0.7919048070907593	0.37011781334877014	0.22771883010864258	0.21810677647590637	0.16338707506656647	0.23140986263751984	0.11416713893413544	0.23992864787578583	0.6559311151504517	0.34505245089530945
0.44680699706077576	0.3167392909526825	0.6797844171524048	0.41603681445121765	0.2895454168319702	0.20623739063739777	0.2557419240474701	0.20549224317073822	0.133603036403656	0.21762359142303467	0.6878167390823364	0.37188664078712463
0.6719985604286194	0.5097666382789612	0.6139296889305115	0.5360738635063171	0.11417371779680252	0.25884300470352173	0.2771223187446594	0.34026652574539185	0.09928135573863983	0.29435497522354126	0.5062181353569031	0.47680428624153137
0.7724997401237488	0.6125198006629944	0.8551278114318848	0.5801312923431396	0.03261486440896988	0.30395689606666565	0.28429076075553894	0.36525702476501465	0.08274036645889282	0.3354239761829376	0.6457921862602234	0.6000757217407227
0.6414681673049927	0.3935686945915222	0.8571504354476929	0.3322226405143738	0.08949774503707886	0.19639509916305542	0.05482173338532448	0.24265651404857635	0.09639068692922592	0.23519407212734222	0.6351831555366516	0.31719067692756653
0.5030983686447144	0.3321515917778015	0.811007022857666	0.29829370975494385	0.153617724776268	0.09154413640499115	0.16074751317501068	0.1537850946187973	0.028132811188697815	0.12110798060894012	0.6084745526313782	0.25926509499549866
0.6300781965255737	0.5029255747795105	0.801148533821106	0.5515857338905334	0.18359686434268951	0.2905198931694031	0.3746335208415985	0.34315580129623413	0.09736008942127228	0.32541322708129883	0.6957750916481018	0.5863159894943237
0.7123203277587891	0.44435763359069824	0.9141461253166199	0.39535826444625854	0.06235364079475403	0.17828814685344696	0.0995941013097763	0.23714378476142883	0.050303373485803604	0.225016251206398	0.6761928200721741	0.45502224564552307
0.7022678852081299	0.5687911510467529	0.9218530654907227	0.38015085458755493	0.20699714124202728	0.28952404856681824	0.25905269384384155	0.31465408205986023	0.1478007435798645	0.3239556849002838	0.7063239216804504	0.4525498151779175
0.8510329723358154	0.5893006324768066	1.0	0.399200975894928	0.0716063529253006	0.2879435420036316	0.15390031039714813	0.3278137743473053	0.11199118942022324	0.329617440700531	0.6438449025154114	0.47431087493896484
0.674103856086731	0.42449960112571716	0.8557206988334656	0.385577529668808	0.1774549037218094	0.2461671680212021	0.16638989746570587	0.2809189260005951	0.12743940949440002	0.2773604989051819	0.6798887252807617	0.4054943919181824
0.719997227191925	0.5511592030525208	0.7593772411346436	0.4210902750492096	0.44322746992111206	0.29935938119888306	0.3600154221057892	0.29225659370422363	0.2824636995792389	0.3191753625869751	0.6188454627990723	0.40433287620544434
0.5323735475540161	0.35802891850471497	0.6869871020317078	0.32102862000465393	0.5411010384559631	0.15886344015598297	0.312029093503952	0.1599174290895462	0.1685684472322464	0.17739394307136536	0.5863670706748962	0.26965460181236267
0.5071336030960083	0.31871485710144043	0.6285887360572815	0.46760717034339905	0.41477957367897034	0.276867538690567	0.3290935456752777	0.28644657135009766	0.15576063096523285	0.3027689754962921	0.6430241465568542	0.43238478899002075
0.45943981409072876	0.40095055103302	0.5128679275512695	0.5084574818611145	0.48107948899269104	0.38909226655960083	0.41948243975639343	0.3919755816459656	0.21290835738182068	0.41328924894332886	0.6908134818077087	0.4783628284931183
0.47596773505210876	0.35486844182014465	0.5642549991607666	0.4457438886165619	0.4427838623523712	0.3330177962779999	0.3882884085178375	0.32412654161453247	0.20135335624217987	0.3515734374523163	0.651852011680603	0.4019135534763336
0.4733195900917053	0.38751712441444397	0.5859302282333374	0.530829668045044	0.4636298716068268	0.3933594822883606	0.404630571603775	0.370827317237854	0.20713774859905243	0.40960246324539185	0.7358784079551697	0.5242529511451721
0.4331710636615753	0.42018017172813416	0.5233207941055298	0.612183153629303	0.4089576005935669	0.408543199300766	0.4631451666355133	0.3926868438720703	0.21160651743412018	0.4173709750175476	0.7830764055252075	0.6316268444061279
0.45815685391426086	0.4142424464225769	0.6074813008308411	0.5160644054412842	0.36478790640830994	0.3274616599082947	0.3787735104560852	0.3172316253185272	0.23272979259490967	0.34111225605010986	0.7394348978996277	0.5021364688873291
0.3881768584251404	0.3327719271183014	0.48442772030830383	0.4814263880252838	0.3249216675758362	0.2469804584980011	0.3482585847377777	0.24867255985736847	0.18046575784683228	0.26071086525917053	0.6878069639205933	0.442940890789032
0.26620739698410034	0.3297576606273651	0.43614789843559265	0.2545061409473419	0.45031115412712097	0.2808648943901062	0.3494965434074402	0.2902602553367615	0.2703462541103363	0.2989737391471863	0.5973427891731262	0.17381010949611664
0.4310050904750824	0.4704068899154663	0.5209361910820007	0.3692360520362854	0.5484024286270142	0.36457404494285583	0.39461344480514526	0.3993946313858032	0.1563262939453125	0.39433151483535767	0.7341362833976746	0.3612113296985626
0.564450204372406	0.5726805329322815	0.5353012681007385	0.3938761353492737	0.6600697040557861	0.31772157549858093	0.5011813044548035	0.38289210200309753	0.0950755849480629	0.34424474835395813	0.7852897644042969	0.425625741481781
0.6905370354652405	0.6697940230369568	0.5599105358123779	0.5923510193824768	0.6618655920028687	0.35392284393310547	0.5819494724273682	0.4095434844493866	0.07316825538873672	0.3819847106933594	0.9179955720901489	0.6695680022239685
0.7311240434646606	0.6691982746124268	0.6235421895980835	0.6153895854949951	0.6695521473884583	0.34573590755462646	0.5401458144187927	0.41438478231430054	0.007930178195238113	0.37727266550064087	0.9359419345855713	0.6849437952041626
0.5698826909065247	0.583167314529419	0.5711621046066284	0.3537099361419678	0.6103925108909607	0.36127203702926636	0.5152178406715393	0.4176299571990967	0.12626127898693085	0.3826189637184143	0.7624610066413879	0.3943483531475067
0.49828967452049255	0.5352338552474976	0.5268041491508484	0.31555312871932983	0.60467529296875	0.3217766582965851	0.5107346177101135	0.3868993818759918	0.1320631355047226	0.3471072316169739	0.764746367931366	0.3589062988758087
0.5467498302459717	0.5614209771156311	0.5388666987419128	0.40598833560943604	0.5544365048408508	0.3611302673816681	0.448435515165329	0.4251095652580261	0.07658989727497101	0.3947683274745941	0.7007928490638733	0.40197280049324036
0.2975851893424988	0.3509967029094696	0.4651763439178467	0.33443138003349304	0.3490893542766571	0.361320436000824	0.3536662757396698	0.3491523861885071	0.2761833965778351	0.3791687488555908	0.6473353505134583	0.2940528094768524
0.30565714836120605	0.41083580255508423	0.41856279969215393	0.5205062031745911	0.3673737645149231	0.2596401870250702	0.529373049736023	0.3058939576148987	0.17374946177005768	0.27387189865112305	0.6852126121520996	0.4789242148399353
0.39588096737861633	0.3298821747303009	0.6571542024612427	0.4350240230560303	0.29810333251953125	0.1358610838651657	0.34666672348976135	0.14622680842876434	0.10681530833244324	0.14639230072498322	0.6875313520431519	0.39856886863708496
0.3188878893852234	0.17705850303173065	0.5223886966705322	0.4184192419052124	0.20091719925403595	0.045726120471954346	0.2923372983932495	0.08300193399190903	0.0	0.057975202798843384	0.5781950950622559	0.33615726232528687
0.47046706080436707	0.1588703989982605	0.7351283431053162	0.17967641353607178	0.13158778846263885	0.015531462617218494	0.0	0.020828615874052048	0.02939305081963539	0.04559226334095001	0.5040507912635803	0.0815599262714386
0.3521489202976227	0.21660256385803223	0.4674696922302246	0.28006500005722046	0.3267856240272522	0.1184307411313057	0.2559104263782501	0.11357496678829193	0.18450184166431427	0.1314496099948883	0.5352044701576233	0.18516182899475098
0.2691149413585663	0.08529327809810638	0.4842079281806946	0.16889645159244537	0.36353886127471924	0.028739547356963158	0.1355646401643753	0.0	0.13747671246528625	0.034945495426654816	0.5107133984565735	0.056957539170980453
0.4096378684043884	0.3281790316104889	0.5740856528282166	0.10170934349298477	0.37807396054267883	0.08267776668071747	0.3378813862800598	0.08763524144887924	0.22002862393856049	0.09591420739889145	0.5273557305335999	0.03965754061937332
0.5552435517311096	0.37033265829086304	0.6041197776794434	0.1536370813846588	0.40623393654823303	0.134242445230484	0.16698838770389557	0.10336653888225555	0.29714760184288025	0.14752943813800812	0.63027423620224	0.04608803987503052
0.5857062339782715	0.364477276802063	0.6410415172576904	0.11579864472150803	0.34009137749671936	0.09448733925819397	0.10686424374580383	0.058405276387929916	0.27538037300109863	0.10925943404436111	0.6115015745162964	0.0
0.6837126016616821	0.5506844520568848	0.5618535876274109	0.1577444076538086	0.21103201806545258	0.2773490250110626	0.21089713275432587	0.28087833523750305	0.3593597412109375	0.2973652184009552	0.5776767730712891	0.10938479751348495
0.8169722557067871	0.683412492275238	0.6316606402397156	0.44941675662994385	0.26911303400993347	0.4123353064060211	0.3624933958053589	0.39572083950042725	0.34419187903404236	0.4305911064147949	0.6978768110275269	0.46878501772880554
0.7457419037818909	0.6520521640777588	0.5620684027671814	0.47250431776046753	0.33675503730773926	0.42725855112075806	0.43494537472724915	0.4128705859184265	0.3561652898788452	0.44418659806251526	0.7040554285049438	0.4883178174495697
0.7257212996482849	0.6462861895561218	0.5459664463996887	0.5170381665229797	0.3750631511211395	0.4098338484764099	0.3489881157875061	0.3873860836029053	0.32593873143196106	0.43095076084136963	0.7054814100265503	0.49125906825065613
0.6256100535392761	0.6209878325462341	0.4884440004825592	0.5400448441505432	0.4645768404006958	0.42425331473350525	0.36943554878234863	0.39176326990127563	0.3260170817375183	0.4476277530193329	0.7197229862213135	0.4935668706893921
0.408978134393692	0.4046429395675659	0.40877193212509155	0.46117693185806274	0.5045579075813293	0.3140181303024292	0.3521634340286255	0.296233206987381	0.2532711625099182	0.3325648903846741	0.6467564702033997	0.40264764428138733
0.31967440247535706	0.3717332184314728	0.39246833324432373	0.35141047835350037	0.47707709670066833	0.3601699769496918	0.4248981475830078	0.38223719596862793	0.2923874855041504	0.384871244430542	0.5735439658164978	0.2999524772167206
0.5923115015029907	0.6622041463851929	0.5169603228569031	0.5408289432525635	0.5894213318824768	0.5125088095664978	0.5980846881866455	0.5453230738639832	0.24886997044086456	0.5299844145774841	0.7092013359069824	0.5985081195831299
0.7797826528549194	0.8361203074455261	0.6245729923248291	0.5083383321762085	0.6728658676147461	0.5147000551223755	0.5805824995040894	0.5558462142944336	0.2146303504705429	0.5407274961471558	0.760428786277771	0.5883392095565796
0.6504626870155334	0.6751786470413208	0.5856852531433105	0.4523087441921234	0.6714751720428467	0.41215863823890686	0.5621083378791809	0.47128334641456604	0.126630038022995	0.4384460747241974	0.7579959034919739	0.49262604117393494
0.6125344038009644	0.7019709348678589	0.5451805591583252	0.4396875202655792	0.6341602206230164	0.4540063142776489	0.5920190811157227	0.5305649042129517	0.15837101638317108	0.4836045503616333	0.7694385051727295	0.522406280040741
0.7364848256111145	0.7905920743942261	0.6184923648834229	0.49293288588523865	0.6019200086593628	0.5199766755104065	0.6110913157463074	0.5887655019760132	0.16368041932582855	0.5508714318275452	0.7324947714805603	0.5870715975761414
0.6756470799446106	0.7057533860206604	0.6353183388710022	0.5184364914894104	0.6567755341529846	0.4454282224178314	0.4758976697921753	0.4965134859085083	0.09814778715372086	0.47369423508644104	0.8055784106254578	0.5658902525901794
0.5571335554122925	0.5390728116035461	0.5502747893333435	0.43392252922058105	0.631018340587616	0.28748124837875366	0.5087406635284424	0.36501985788345337	0.0979747474193573	0.311056911945343	0.8184998035430908	0.47666165232658386
0.7209658622741699	0.7078791260719299	0.6538403630256653	0.42923644185066223	0.6265655755996704	0.3681608736515045	0.5307312607765198	0.43484604358673096	0.12768922746181488	0.39602217078208923	0.7376379370689392	0.49247562885284424
0.7340412139892578	0.7433333992958069	0.6498116850852966	0.4713039696216583	0.6473743915557861	0.4203895330429077	0.5356336236000061	0.4673949182033539	0.12735559046268463	0.4483543932437897	0.763450026512146	0.5563090443611145
0.7162843346595764	0.6605950593948364	0.6354371905326843	0.6166692972183228	0.6795051693916321	0.3368501365184784	0.5064454674720764	0.39585015177726746	0.07314925640821457	0.3722248077392578	0.8987937569618225	0.6637481451034546
0.7290082573890686	0.6778365969657898	0.6542788147926331	0.6464006900787354	0.6806118488311768	0.35114210844039917	0.5324304103851318	0.41394078731536865	0.05131269618868828	0.38721489906311035	0.9499300718307495	0.7014090418815613
0.6166934370994568	0.6222402453422546	0.5469381809234619	0.5993042588233948	0.5621494650840759	0.3623444139957428	0.5632839202880859	0.3929007351398468	0.2043740451335907	0.3896295130252838	0.8172078728675842	0.6417604088783264
0.6200084686279297	0.6311802268028259	0.5556786060333252	0.5899498462677002	0.5637868046760559	0.36998507380485535	0.5621098279953003	0.3950774371623993	0.20976927876472473	0.3971112072467804	0.8154977560043335	0.632402241230011
0.45124390721321106	0.4870723485946655	0.4510316550731659	0.6033779382705688	0.49405398964881897	0.3824906349182129	0.5458170175552368	0.3829399645328522	0.3339751064777374	0.40572068095207214	0.7458897233009338	0.6080102324485779
0.5648655295372009	0.5879018902778625	0.49279195070266724	0.505169689655304	0.5677987337112427	0.3310815095901489	0.5424230098724365	0.3644675612449646	0.2826747000217438	0.35678020119667053	0.7838000655174255	0.5288493037223816
0.5116431713104248	0.5325365662574768	0.4775698781013489	0.4318942725658417	0.5060072541236877	0.3105182647705078	0.5194159150123596	0.3493017554283142	0.2891175448894501	0.33570078015327454	0.7201874256134033	0.4468725621700287
0.41491326689720154	0.4630681872367859	0.41506433486938477	0.47043076157569885	0.45207253098487854	0.4041106700897217	0.4487159550189972	0.40668120980262756	0.3617841303348541	0.428200900554657	0.6996279358863831	0.4586993157863617
0.39629268646240234	0.37667766213417053	0.43308553099632263	0.5427498817443848	0.46391135454177856	0.2605253756046295	0.4723757207393646	0.28498759865760803	0.27522602677345276	0.2890971601009369	0.7496161460876465	0.5429617762565613
0.4898712635040283	0.5270673632621765	0.5047481060028076	0.5819509029388428	0.4643493592739105	0.43822047114372253	0.49898451566696167	0.44716307520866394	0.299062579870224	0.4670286178588867	0.753607451915741	0.5819048881530762
0.3931657671928406	0.42953425645828247	0.45502597093582153	0.687937319278717	0.4433690309524536	0.43770962953567505	0.493466317653656	0.4398106336593628	0.27169740200042725	0.46211934089660645	0.8270263075828552	0.6915780305862427
0.3934997320175171	0.43541988730430603	0.46091777086257935	0.7088337540626526	0.45292675495147705	0.44536396861076355	0.49479174613952637	0.4468648135662079	0.2716696858406067	0.47045424580574036	0.8488041162490845	0.7141085863113403
0.42205169796943665	0.44899091124534607	0.4901558756828308	0.6812026500701904	0.42005491256713867	0.4869506061077118	0.4857785999774933	0.49111783504486084	0.24100913107395172	0.5155931711196899	0.8270381689071655	0.6936774253845215
0.3885827362537384	0.42636653780937195	0.45610472559928894	0.7138142585754395	0.4427412748336792	0.44895726442337036	0.5213747620582581	0.45499110221862793	0.2623983919620514	0.4772963225841522	0.8348468542098999	0.7291097044944763
0.38739681243896484	0.4100930094718933	0.45498695969581604	0.6719472408294678	0.46034881472587585	0.39972731471061707	0.47941988706588745	0.4218403995037079	0.2578750252723694	0.4267045259475708	0.8599123358726501	0.6845426559448242
0.3835475742816925	0.41464418172836304	0.45879748463630676	0.6594199538230896	0.45740431547164917	0.4170067012310028	0.4876033067703247	0.4370146691799164	0.25652024149894714	0.44553428888320923	0.8378744721412659	0.6716159582138062
0.5760400891304016	0.5701027512550354	0.5502113699913025	0.6294933557510376	0.5501806735992432	0.3662097752094269	0.5325831174850464	0.39889147877693176	0.1776094287633896	0.3905118405818939	0.8687018752098083	0.6659700274467468
0.5624316930770874	0.6067925095558167	0.5199974775314331	0.5975393056869507	0.5151191353797913	0.36679044365882874	0.5069677829742432	0.39554765820503235	0.19017641246318817	0.3885032534599304	0.8335331678390503	0.6467173099517822
0.7663111686706543	0.8126204013824463	0.5125005841255188	0.700188398361206	0.6786736249923706	0.47510290145874023	0.7100138068199158	0.5453602075576782	0.16650432348251343	0.5039109587669373	0.8886245489120483	0.7914786338806152
0.4136055111885071	0.5121697783470154	0.33131101727485657	0.6888517141342163	0.46452417969703674	0.5230058431625366	0.6432692408561707	0.5621318817138672	0.35098502039909363	0.5573570728302002	0.7593405842781067	0.6977508068084717
0.6908566951751709	0.8429006338119507	0.4431932866573334	0.8053288459777832	0.48240089416503906	0.7354303598403931	0.7244302034378052	0.7982305288314819	0.3092181086540222	0.7908952236175537	0.8099318742752075	0.8870900273323059
0.5485028028488159	0.7298305630683899	0.318924218416214	0.7222602367401123	0.37075161933898926	0.7538429498672485	0.7020347714424133	0.8121402263641357	0.4615217447280884	0.805663526058197	0.7113026976585388	0.761212170124054
0.594363808631897	0.7199583649635315	0.38976290822029114	0.6844163537025452	0.33577418327331543	0.6967180967330933	0.6341403722763062	0.7468845844268799	0.42449522018432617	0.7485635280609131	0.6455867290496826	0.7270901799201965
0.5937805771827698	0.7239747643470764	0.38738319277763367	0.6540154814720154	0.35185596346855164	0.6876549124717712	0.6496046781539917	0.7200786471366882	0.4515506625175476	0.736095666885376	0.6168285012245178	0.6881216168403625
0.5635935664176941	0.7151718735694885	0.3766874372959137	0.6723908185958862	0.3280515968799591	0.7226632833480835	0.6538769602775574	0.7483099102973938	0.41521692276000977	0.765005886554718	0.6485983729362488	0.7217532396316528
0.8606612086296082	0.8762473464012146	0.6157496571540833	0.7486602663993835	0.525646984577179	0.6540086269378662	0.65329909324646	0.716282844543457	0.23231545090675354	0.7043576240539551	0.7298393845558167	0.8112040162086487
0.7282021045684814	0.773117184638977	0.5190086960792542	0.6519715785980225	0.4636024832725525	0.5886151790618896	0.5937742590904236	0.6328662633895874	0.2737150192260742	0.6309704780578613	0.6860941052436829	0.7205207943916321
0.5471263527870178	0.6468297243118286	0.41148489713668823	0.6665377020835876	0.3086487054824829	0.6289181709289551	0.5409426093101501	0.6362966299057007	0.3555087745189667	0.6609606742858887	0.6309670209884644	0.7032676339149475
0.7772414088249207	0.8578550219535828	0.47230955958366394	0.7579345107078552	0.5790315270423889	0.7379668951034546	0.7647137641906738	0.7977352738380432	0.32643815875053406	0.7891489863395691	0.7634469866752625	0.825970470905304
0.9054747223854065	0.9547074437141418	0.67528235912323	0.6133960485458374	0.586575448513031	0.6390430331230164	0.6171036958694458	0.7080066800117493	0.17225781083106995	0.6801857948303223	0.7196927666664124	0.7028409838676453
0.7214111685752869	0.7663124203681946	0.4826216399669647	0.7254022359848022	0.48930010199546814	0.6055478453636169	0.5511413216590881	0.6291542649269104	0.2815168499946594	0.6442657113075256	0.7710848450660706	0.7792288064956665
0.5121967792510986	0.5432283878326416	0.3922145962715149	0.6398292779922485	0.5338411331176758	0.45790913701057434	0.6176616549491882	0.4441514313220978	0.3258878290653229	0.4744513928890228	0.6753919124603271	0.6418188810348511
0.673724889755249	0.6831989884376526	0.5738871693611145	0.5628640055656433	0.7301104068756104	0.48810383677482605	0.6401988863945007	0.4975739121437073	0.21827368438243866	0.5091990232467651	0.7612931132316589	0.6034293174743652
0.510673463344574	0.5630221366882324	0.4574480950832367	0.4941488206386566	0.5423434376716614	0.4672151207923889	0.4667356014251709	0.4639659821987152	0.333197683095932	0.4840404689311981	0.6729771494865417	0.48047876358032227
0.5386927723884583	0.529990553855896	0.4269810914993286	0.6258188486099243	0.4479431211948395	0.42207229137420654	0.4459603428840637	0.4038641154766083	0.35786446928977966	0.434818297624588	0.7867814898490906	0.621577262878418
0.5631473660469055	0.5741462707519531	0.4458552300930023	0.6747891902923584	0.5745370984077454	0.4643193781375885	0.5926752686500549	0.43802303075790405	0.31654638051986694	0.48280906677246094	0.8373244404792786	0.6919790506362915
0.6360475420951843	0.6464698910713196	0.5388658046722412	0.7001795768737793	0.6199390888214111	0.518720269203186	0.602373480796814	0.47980979084968567	0.34533217549324036	0.5420470833778381	0.8213530778884888	0.7098095417022705
0.5582175850868225	0.5030075311660767	0.49791601300239563	0.5801905393600464	0.39935922622680664	0.40274372696876526	0.41032570600509644	0.36289313435554504	0.3598370850086212	0.4105978310108185	0.7578389048576355	0.5698012113571167
0.452100545167923	0.4170919954776764	0.41069820523262024	0.5662233233451843	0.396901398897171	0.3349650204181671	0.46935683488845825	0.3290014863014221	0.3104860782623291	0.3419033885002136	0.819989025592804	0.5885676145553589
0.5442579388618469	0.4512975513935089	0.518286406993866	0.5161153078079224	0.49323296546936035	0.353717565536499	0.5728843212127686	0.36119943857192993	0.2887726426124573	0.3682771921157837	0.727312445640564	0.5340914726257324
0.5041670203208923	0.4600265324115753	0.5446650385856628	0.5276556015014648	0.49414199590682983	0.3544582724571228	0.5581398010253906	0.34427958726882935	0.31707674264907837	0.37285760045051575	0.7228068113327026	0.5428951382637024
0.6073986291885376	0.43083885312080383	0.5864007472991943	0.5224080085754395	0.33513501286506653	0.295767605304718	0.38862916827201843	0.264446884393692	0.2999838590621948	0.3018825054168701	0.7569490671157837	0.5131359696388245
0.697140634059906	0.6117475032806396	0.703558623790741	0.3809191584587097	0.49388185143470764	0.40910544991493225	0.575634241104126	0.4366111755371094	0.3221352994441986	0.4434962570667267	0.5735751986503601	0.40846702456474304
0.7812892198562622	0.6383432149887085	0.7683396339416504	0.35718128085136414	0.4805023968219757	0.42238306999206543	0.5604258179664612	0.4482751786708832	0.3421948552131653	0.458739697933197	0.530556321144104	0.37985795736312866
0.7500424981117249	0.6368658542633057	0.7009713053703308	0.4037403464317322	0.4419531524181366	0.4314686059951782	0.534779965877533	0.46382710337638855	0.29614970088005066	0.46624335646629333	0.5642607808113098	0.43659505248069763
0.5559407472610474	0.5398973226547241	0.5290608406066895	0.5297070741653442	0.4868409335613251	0.4808438718318939	0.6151771545410156	0.5234365463256836	0.1895553022623062	0.5037112236022949	0.6643779873847961	0.5929006338119507
0.5941586494445801	0.5776396989822388	0.5445194244384766	0.4109741449356079	0.4144173562526703	0.4108298122882843	0.5423266887664795	0.45366790890693665	0.29326674342155457	0.44023439288139343	0.6007818579673767	0.46353664994239807
0.6425325274467468	0.5763722062110901	0.6266801357269287	0.42450836300849915	0.4725707769393921	0.38821128010749817	0.5583677291870117	0.4269041419029236	0.2917408049106598	0.4178195297718048	0.6279811859130859	0.4594084620475769
0.5865981578826904	0.5668623447418213	0.5457637906074524	0.48146510124206543	0.4687277674674988	0.4006192684173584	0.5792158842086792	0.4249955117702484	0.27728012204170227	0.4230770170688629	0.6861743927001953	0.5285604596138
0.5294608473777771	0.502231776714325	0.5005856156349182	0.44261592626571655	0.42729419469833374	0.35453689098358154	0.564251184463501	0.38753780722618103	0.3004802167415619	0.37274613976478577	0.6723523139953613	0.5035004019737244
0.6119862794876099	0.6102290749549866	0.560593843460083	0.41788575053215027	0.5444410443305969	0.39339902997016907	0.6405337452888489	0.43920284509658813	0.37230849266052246	0.4263244569301605	0.5977450609207153	0.4357304871082306
0.6185447573661804	0.5623430609703064	0.5067305564880371	0.5190520882606506	0.43261268734931946	0.368788480758667	0.5148464441299438	0.383311003446579	0.3015454411506653	0.38501057028770447	0.7182385325431824	0.5255934596061707
0.49310097098350525	0.5781940817832947	0.4100304841995239	0.6366382241249084	0.44718658924102783	0.4020007848739624	0.5503454804420471	0.41541463136672974	0.2538565993309021	0.42406103014945984	0.7853333353996277	0.6737024784088135
0.3135608732700348	0.40318503975868225	0.3054359257221222	0.5558804273605347	0.4740292429924011	0.3289375901222229	0.526403546333313	0.33615538477897644	0.3050682246685028	0.3489147424697876	0.7227596640586853	0.5433474779129028
0.4359532296657562	0.4515613317489624	0.35989028215408325	0.5510470271110535	0.414798766374588	0.3356964886188507	0.46010634303092957	0.3284883499145508	0.3453623950481415	0.34916847944259644	0.7947194576263428	0.5359580516815186
0.48371797800064087	0.5132105350494385	0.3929177522659302	0.5051655769348145	0.4191405475139618	0.34849244356155396	0.5029577016830444	0.3444053530693054	0.3625056743621826	0.35681137442588806	0.7808370590209961	0.5093692541122437
0.30417415499687195	0.41313663125038147	0.2981717586517334	0.5625803470611572	0.4833042323589325	0.3431369364261627	0.5358650088310242	0.35427260398864746	0.29608213901519775	0.3641373813152313	0.7254766225814819	0.5512840747833252
0.42916885018348694	0.505895733833313	0.3870165944099426	0.5280066728591919	0.5372568964958191	0.37782022356987	0.5928316116333008	0.38676244020462036	0.36426129937171936	0.40487638115882874	0.7203108072280884	0.5252540111541748
0.659305989742279	0.6711326837539673	0.4934616684913635	0.4295524060726166	0.4161487817764282	0.436596542596817	0.511045515537262	0.4370569884777069	0.43964511156082153	0.4598384499549866	0.7195265889167786	0.42770999670028687
0.657930850982666	0.7593641877174377	0.518235981464386	0.4497795104980469	0.4995080232620239	0.5171716213226318	0.6146919131278992	0.5345494747161865	0.4426787197589874	0.5571662187576294	0.7272874712944031	0.47605282068252563
0.3990768790245056	0.46796929836273193	0.29817116260528564	0.6111195683479309	0.4306182861328125	0.3986165225505829	0.516864001750946	0.39121079444885254	0.31261807680130005	0.41992560029029846	0.7457061409950256	0.6033267378807068
0.4945637881755829	0.5487991571426392	0.42988693714141846	0.5307559370994568	0.4869489371776581	0.43197089433670044	0.5532791018486023	0.4315211772918701	0.34049561619758606	0.4550569951534271	0.6936271786689758	0.5472238063812256
0.47849076986312866	0.5412915349006653	0.4513394832611084	0.5319347381591797	0.4911452829837799	0.44170716404914856	0.5272384285926819	0.44684773683547974	0.3202842175960541	0.47295716404914856	0.6981582641601562	0.5366745591163635
0.5041329860687256	0.5425657629966736	0.46209073066711426	0.5429189205169678	0.4995591640472412	0.4234353005886078	0.5309810042381287	0.430502325296402	0.3093623220920563	0.45342791080474854	0.7088078260421753	0.552594006061554
0.5103222131729126	0.5541368126869202	0.4727892279624939	0.5418401956558228	0.49320971965789795	0.4309939444065094	0.5201683640480042	0.4388207793235779	0.30015072226524353	0.46250003576278687	0.7107568979263306	0.5548957586288452
0.5958406329154968	0.6726775765419006	0.4704349935054779	0.6283860802650452	0.3567478358745575	0.5967769622802734	0.5365563035011292	0.6135486364364624	0.3694268763065338	0.6428621411323547	0.6484078764915466	0.6584373712539673
0.5448909401893616	0.5692656636238098	0.4192119538784027	0.6028801798820496	0.25736361742019653	0.5883359909057617	0.5773904919624329	0.5944386124610901	0.36953485012054443	0.6204794049263	0.5753270387649536	0.6596003174781799
0.4276300370693207	0.4438965320587158	0.305528849363327	0.6258872151374817	0.21880251169204712	0.5150086879730225	0.5271781086921692	0.5254914164543152	0.2966633141040802	0.5431545376777649	0.5836237668991089	0.6630714535713196
0.33261799812316895	0.3642338812351227	0.3250963091850281	0.5753077268600464	0.3567063510417938	0.39762845635414124	0.5320068597793579	0.38937079906463623	0.2725171744823456	0.4155557453632355	0.6370591521263123	0.5962563753128052
0.2911292016506195	0.2945323884487152	0.28760460019111633	0.5769802331924438	0.2672889232635498	0.40220925211906433	0.49559614062309265	0.3921607434749603	0.24003170430660248	0.4138047695159912	0.6047742366790771	0.6085246801376343
0.4330385625362396	0.4838455617427826	0.33627623319625854	0.7126787900924683	0.2030346542596817	0.6033504605293274	0.55257248878479	0.6038575768470764	0.31395891308784485	0.6314228773117065	0.6573739647865295	0.7786175608634949
0.46898147463798523	0.5102590322494507	0.36322256922721863	0.6941295266151428	0.24881111085414886	0.5772731900215149	0.562017560005188	0.5772696137428284	0.33256039023399353	0.6030720472335815	0.6498371958732605	0.7472860813140869
0.3545655608177185	0.366345077753067	0.3171910047531128	0.6270501613616943	0.3811506927013397	0.3835420310497284	0.589989960193634	0.37129297852516174	0.29402947425842285	0.39316967129707336	0.6896375417709351	0.6652480363845825
0.3044509291648865	0.37038084864616394	0.30965250730514526	0.6764385104179382	0.2941300570964813	0.4964929521083832	0.528687596321106	0.4798133671283722	0.26212021708488464	0.5093002915382385	0.7266538739204407	0.7293128371238708
0.45612311363220215	0.5288515090942383	0.3055681884288788	0.7452651858329773	0.35710254311561584	0.5286422967910767	0.7049861550331116	0.5298998355865479	0.26543840765953064	0.5301694869995117	0.7707831263542175	0.8281040191650391
0.3702082633972168	0.465410441160202	0.27074360847473145	0.6631778478622437	0.4726550877094269	0.4512924551963806	0.637238621711731	0.4409925043582916	0.2182537168264389	0.44890356063842773	0.825491726398468	0.7277179956436157
0.25754550099372864	0.3471304178237915	0.1903534233570099	0.6569759845733643	0.40348199009895325	0.3263038396835327	0.531714141368866	0.31647175550460815	0.19507984817028046	0.32230624556541443	0.8121676445007324	0.7101550102233887
0.3229193687438965	0.4344523847103119	0.29629096388816833	0.6922917366027832	0.513237714767456	0.43599238991737366	0.5777915120124817	0.4248241186141968	0.19652357697486877	0.438258558511734	0.9153878092765808	0.7397962808609009
0.4364166855812073	0.45244094729423523	0.399959921836853	0.766619861125946	0.6315554976463318	0.5000466704368591	0.6981788277626038	0.4808114171028137	0.14552617073059082	0.4985486567020416	0.8840993046760559	0.7913554310798645
0.6805652379989624	0.6125388741493225	0.5688242316246033	0.6319930553436279	0.6763726472854614	0.5175285339355469	0.7616929411888123	0.5083298683166504	0.17412084341049194	0.5286465883255005	0.7664910554885864	0.6842439770698547
0.6829944252967834	0.6745505928993225	0.54636549949646	0.6524217128753662	0.674222469329834	0.5801348090171814	0.7784764170646667	0.5932930111885071	0.15919041633605957	0.5949602127075195	0.7649874091148376	0.7254831790924072
0.5137190818786621	0.40194839239120483	0.4149109125137329	0.6687390208244324	0.7754999399185181	0.45243582129478455	0.7965091466903687	0.4405548870563507	0.1427261084318161	0.45454141497612	0.8563179969787598	0.6956841945648193
0.5695307850837708	0.46915921568870544	0.4334682524204254	0.6080203056335449	0.8395114541053772	0.46801626682281494	0.7743619084358215	0.46174338459968567	0.17481806874275208	0.4765663146972656	0.8123964667320251	0.6003925204277039
0.5583755970001221	0.5296328067779541	0.47404658794403076	0.6720263361930847	0.7817093729972839	0.4366280138492584	0.709961473941803	0.4174552261829376	0.16574758291244507	0.44531700015068054	0.8530681729316711	0.6777395606040955
0.5152093172073364	0.5093880295753479	0.3879706561565399	0.6745975613594055	0.7467949390411377	0.45255184173583984	0.7545222640037537	0.43426430225372314	0.2507382333278656	0.4549678862094879	0.835034191608429	0.6811359524726868
0.48929280042648315	0.4918583035469055	0.3808683753013611	0.695136547088623	0.7054734826087952	0.45526930689811707	0.7321459650993347	0.444272518157959	0.23144486546516418	0.4528241753578186	0.8582248687744141	0.7103365063667297
0.5767442584037781	0.5931878089904785	0.47114819288253784	0.7212281823158264	0.7413395047187805	0.554877758026123	0.7780398726463318	0.5461170077323914	0.25436633825302124	0.5657255053520203	0.8721299171447754	0.7329097390174866
0.5923396348953247	0.6231537461280823	0.41148537397384644	0.7610514760017395	0.7706157565116882	0.5774229764938354	0.8464967012405396	0.5784623026847839	0.26358550786972046	0.5898740291595459	0.8842945694923401	0.787277340888977
0.6232266426086426	0.6529526114463806	0.42525234818458557	0.685029923915863	0.6559193730354309	0.5525090098381042	0.7883719205856323	0.5422139167785645	0.35486772656440735	0.5622013807296753	0.7944642305374146	0.7040839791297913
0.7745559215545654	0.8457981944084167	0.49663472175598145	0.6539455056190491	0.5390470027923584	0.6915203332901001	0.7439148426055908	0.7118880152702332	0.4571021497249603	0.7277575731277466	0.6548221111297607	0.6680778861045837
0.6035994291305542	0.6833199262619019	0.3994195759296417	0.6157346963882446	0.596065878868103	0.5994396805763245	0.8469170331954956	0.6266756653785706	0.3956254720687866	0.6276482939720154	0.7418199777603149	0.6448436975479126
0.5753782987594604	0.7085330486297607	0.3267131745815277	0.7137131690979004	0.4090830385684967	0.6570596694946289	0.7936953902244568	0.6963842511177063	0.39656776189804077	0.6872502565383911	0.7196086049079895	0.7830854058265686
0.611760675907135	0.7397499680519104	0.36940231919288635	0.655086100101471	0.3437008857727051	0.6962316632270813	0.731765627861023	0.7319753170013428	0.4249363839626312	0.7298658490180969	0.6355232000350952	0.713968813419342
0.6181830763816833	0.8117254972457886	0.34776678681373596	0.7151575088500977	0.38646599650382996	0.7827548980712891	0.779570996761322	0.831131100654602	0.46211859583854675	0.8277146816253662	0.6813468933105469	0.7681736946105957
0.548616886138916	0.7548346519470215	0.24385681748390198	0.7346737384796143	0.3900315761566162	0.7908905744552612	0.7735355496406555	0.8444619178771973	0.5109145045280457	0.844862699508667	0.6972821354866028	0.7656088471412659
