GO:0022804	GO:0005215	GO:0015075	GO:0019829	GO:0022890	GO:0015078	GO:0009678	GO:0044769	GO:0042625	GO:0022853	GO:0022857	GO:0042626	GO:0008324	GO:0046961	GO:0015399	GO:0015318
0.4860723614692688	0.5752254724502563	0.5518580079078674	0.5116046667098999	0.555523157119751	0.5182620882987976	0.5263505578041077	0.5303989052772522	0.527610719203949	0.48436951637268066	0.5487446188926697	0.5648994445800781	0.5569841861724854	0.5317481756210327	0.5101839900016785	0.5504176616668701
0.0	0.0020063372794538736	0.0	0.010705423541367054	0.0	0.005626534577459097	0.036889396607875824	0.02931465581059456	0.04281405732035637	0.0	0.0	0.12454693764448166	0.0	0.030784374102950096	0.03979027271270752	0.0
0.03482583910226822	0.0	0.04883207008242607	0.0	0.05823308601975441	0.008069410920143127	0.0006690074224025011	0.0	0.02053830213844776	0.022459644824266434	0.023543240502476692	0.1087726280093193	0.060445770621299744	0.0	0.03190600499510765	0.06152462959289551
0.09896953403949738	0.05504497513175011	0.11889520287513733	0.09008194506168365	0.13300800323486328	0.06175963580608368	0.08189668506383896	0.07701927423477173	0.1011665016412735	0.10811536759138107	0.09143571555614471	0.16387790441513062	0.13272009789943695	0.07753580063581467	0.08638136833906174	0.14042121171951294
0.027602743357419968	0.02161104790866375	0.0629151239991188	0.019658170640468597	0.08217906206846237	0.010858460329473019	0.022155264392495155	0.02099740318953991	0.04033815488219261	0.028917375952005386	0.04522787407040596	0.11794186383485794	0.08148912340402603	0.020736757665872574	0.026668084785342216	0.08274372667074203
0.09450508654117584	0.011738666333258152	0.08141830563545227	0.12030387669801712	0.10651431232690811	0.05814711004495621	0.11276796460151672	0.1008707657456398	0.1315479576587677	0.11539585888385773	0.04889248311519623	0.18892155587673187	0.0926380529999733	0.10189976543188095	0.10940616577863693	0.11196296662092209
0.168009951710701	0.08491095155477524	0.16614705324172974	0.22319528460502625	0.2130272388458252	0.15418553352355957	0.20502321422100067	0.19265641272068024	0.21561741828918457	0.19075515866279602	0.12229013442993164	0.26450303196907043	0.19765996932983398	0.19324196875095367	0.18590915203094482	0.22332987189292908
0.18749023973941803	0.11280852556228638	0.20642748475074768	0.2075003683567047	0.2355177402496338	0.15788663923740387	0.18709447979927063	0.18196535110473633	0.2018161565065384	0.20527908205986023	0.1530710756778717	0.25149959325790405	0.23022699356079102	0.18178492784500122	0.18299947679042816	0.2540493607521057
0.20205894112586975	0.10208763927221298	0.19625094532966614	0.20139634609222412	0.21945814788341522	0.15690423548221588	0.17924006283283234	0.17444683611392975	0.1924029439687729	0.21656587719917297	0.13713741302490234	0.24564635753631592	0.2150115817785263	0.17407047748565674	0.1867150068283081	0.24309946596622467
0.1838354915380478	0.13994520902633667	0.21375460922718048	0.2007817029953003	0.24001942574977875	0.16435614228248596	0.18150730431079865	0.1758437156677246	0.19135497510433197	0.19786441326141357	0.17576903104782104	0.24319466948509216	0.23400242626667023	0.17493802309036255	0.16930706799030304	0.2661902606487274
0.1856161653995514	0.14607465267181396	0.22943511605262756	0.1897387057542801	0.2528400421142578	0.16522811353206635	0.16900832951068878	0.1646355390548706	0.18465059995651245	0.1955508440732956	0.19050799310207367	0.23958638310432434	0.25285273790359497	0.1643887609243393	0.16779513657093048	0.2764602303504944
0.24006491899490356	0.215714693069458	0.2969644069671631	0.2501870393753052	0.3127761781215668	0.20444360375404358	0.2223181575536728	0.2194872349500656	0.2399672418832779	0.25338226556777954	0.25459903478622437	0.2874830365180969	0.3147268295288086	0.21792230010032654	0.21804381906986237	0.34128570556640625
0.30040982365608215	0.29569628834724426	0.37513282895088196	0.2897295355796814	0.3837428092956543	0.2526909410953522	0.25735795497894287	0.25381994247436523	0.2830555737018585	0.30637603998184204	0.34202438592910767	0.33189746737480164	0.39009004831314087	0.2516510486602783	0.2680196762084961	0.41058066487312317
0.22982025146484375	0.19274717569351196	0.2788753807544708	0.2322331666946411	0.29845184087753296	0.19356843829154968	0.1988028734922409	0.1980200856924057	0.21517807245254517	0.24938324093818665	0.2381029576063156	0.255255788564682	0.2971671521663666	0.19586417078971863	0.19979602098464966	0.32570067048072815
0.20132313668727875	0.19026024639606476	0.2690562307834625	0.18169476091861725	0.2834857106208801	0.17339137196540833	0.15323081612586975	0.1526712328195572	0.17571675777435303	0.20387472212314606	0.23840299248695374	0.23480522632598877	0.2906198501586914	0.15003907680511475	0.17011477053165436	0.3101661205291748
0.2063945084810257	0.21027997136116028	0.24289405345916748	0.14139288663864136	0.24411337077617645	0.1468571424484253	0.11265722662210464	0.11604755371809006	0.14017309248447418	0.1942509263753891	0.22532294690608978	0.21440497040748596	0.2591383159160614	0.11133419722318649	0.15749885141849518	0.2660147547721863
0.2790560722351074	0.23931771516799927	0.32448381185531616	0.20492792129516602	0.331836462020874	0.21888121962547302	0.1688191443681717	0.17312926054000854	0.1979008913040161	0.28972741961479187	0.2865025997161865	0.2439662665128708	0.345908522605896	0.17011207342147827	0.20678535103797913	0.35788264870643616
0.24205605685710907	0.22804158926010132	0.30383461713790894	0.1718171238899231	0.3170430362224579	0.19615748524665833	0.14157314598560333	0.146023690700531	0.17038477957248688	0.25275737047195435	0.26594051718711853	0.21893900632858276	0.3284485936164856	0.14340278506278992	0.17662471532821655	0.33919310569763184
0.26755210757255554	0.2101774513721466	0.30864202976226807	0.22227691113948822	0.3169798254966736	0.20605412125587463	0.18309277296066284	0.1833079755306244	0.20975491404533386	0.283835768699646	0.2655080258846283	0.249628946185112	0.32750579714775085	0.18079625070095062	0.2141842395067215	0.3450164496898651
0.22786545753479004	0.22734501957893372	0.3011486530303955	0.1680094301700592	0.3304288685321808	0.22445666790008545	0.14586758613586426	0.14806468784809113	0.15847548842430115	0.23605163395404816	0.2723070979118347	0.21023280918598175	0.34656357765197754	0.14612092077732086	0.1747843325138092	0.3458802103996277
0.24124740064144135	0.23410458862781525	0.30955854058265686	0.17229513823986053	0.3392358422279358	0.23199006915092468	0.15033438801765442	0.15186375379562378	0.16282057762145996	0.24715811014175415	0.27787864208221436	0.21692796051502228	0.35548102855682373	0.14961548149585724	0.18052324652671814	0.3571741580963135
0.2789549231529236	0.21905072033405304	0.324234277009964	0.19950181245803833	0.3181857764720917	0.18559874594211578	0.1633863002061844	0.1641533523797989	0.18812407553195953	0.2930818498134613	0.2760826051235199	0.23219037055969238	0.33620685338974	0.1619793325662613	0.20226448774337769	0.34611383080482483
0.2639332711696625	0.20362421870231628	0.30822184681892395	0.16856306791305542	0.30693525075912476	0.18547041714191437	0.13360576331615448	0.1341310292482376	0.15882274508476257	0.2768338918685913	0.26807066798210144	0.20694489777088165	0.32803207635879517	0.13198383152484894	0.18187400698661804	0.3289456069469452
0.30337196588516235	0.2882463335990906	0.37191134691238403	0.2211068868637085	0.3784749507904053	0.23976391553878784	0.18994466960430145	0.18782608211040497	0.2195889949798584	0.3104060888290405	0.33848607540130615	0.27101805806159973	0.39794087409973145	0.18571215867996216	0.23217995464801788	0.39935335516929626
0.28110453486442566	0.266398549079895	0.3621368706226349	0.20003780722618103	0.36907798051834106	0.22004610300064087	0.16186752915382385	0.16085103154182434	0.1907653957605362	0.2928984761238098	0.318105548620224	0.23844394087791443	0.3889878988265991	0.15813599526882172	0.19993305206298828	0.3951362669467926
0.36321941018104553	0.3336280882358551	0.4326315224170685	0.28711751103401184	0.44731801748275757	0.29547119140625	0.2473718822002411	0.24226877093315125	0.2715771794319153	0.37068498134613037	0.39236149191856384	0.31771141290664673	0.4615229368209839	0.23941603302955627	0.27766111493110657	0.4730004668235779
0.3202086389064789	0.27363821864128113	0.37957191467285156	0.2507762610912323	0.39358875155448914	0.2562752962112427	0.2167130410671234	0.21157333254814148	0.23066593706607819	0.3294641971588135	0.33769503235816956	0.2811383903026581	0.4100187122821808	0.20928095281124115	0.23783238232135773	0.41443413496017456
0.35491201281547546	0.29518651962280273	0.42577844858169556	0.2863191068172455	0.43120723962783813	0.27084845304489136	0.24035893380641937	0.23451082408428192	0.2620108723640442	0.36947670578956604	0.3728293180465698	0.3033568859100342	0.4499116539955139	0.2315717190504074	0.26055121421813965	0.46157994866371155
0.3964122235774994	0.34642279148101807	0.48765408992767334	0.27208366990089417	0.4782581329345703	0.3038361668586731	0.23005765676498413	0.22932268679141998	0.2709329128265381	0.39869025349617004	0.4418993294239044	0.3202788531780243	0.5111743807792664	0.2276812344789505	0.2790786921977997	0.5085868239402771
0.3484179675579071	0.2608523368835449	0.409932017326355	0.2522216737270355	0.412596195936203	0.27205783128738403	0.2193811982870102	0.2152116298675537	0.24556656181812286	0.36118200421333313	0.3619582951068878	0.29190030694007874	0.4375572204589844	0.21523401141166687	0.2506985664367676	0.4375198483467102
0.3524826467037201	0.2554553151130676	0.41910356283187866	0.2804402709007263	0.42167428135871887	0.2708390951156616	0.2399817407131195	0.2331540286540985	0.2698310613632202	0.3714986741542816	0.3709912598133087	0.3086656332015991	0.44618985056877136	0.23300547897815704	0.26394641399383545	0.44846421480178833
0.3912353217601776	0.265806645154953	0.44194862246513367	0.2904147505760193	0.4323895275592804	0.2898995578289032	0.2446732372045517	0.23830991983413696	0.28325921297073364	0.40142104029655457	0.38916701078414917	0.3287706673145294	0.4704100489616394	0.23745252192020416	0.2795098125934601	0.46901094913482666
0.3566318154335022	0.22708813846111298	0.40904536843299866	0.28798219561576843	0.4156992435455322	0.27270495891571045	0.24734365940093994	0.2386549562215805	0.27390256524086	0.37927988171577454	0.35438019037246704	0.3100317120552063	0.4410797655582428	0.2393915206193924	0.26444417238235474	0.4459804892539978
0.42558908462524414	0.3170812726020813	0.46869221329689026	0.3102101981639862	0.46526432037353516	0.35108041763305664	0.27204710245132446	0.2701092064380646	0.3153754472732544	0.43008720874786377	0.42315325140953064	0.36158788204193115	0.5002099871635437	0.26892903447151184	0.3169540762901306	0.5021082162857056
0.48998573422431946	0.36867108941078186	0.5413892269134521	0.36123430728912354	0.5281288623809814	0.39824527502059937	0.3193523585796356	0.3146404027938843	0.3663572371006012	0.49312254786491394	0.4929180145263672	0.40935900807380676	0.5674325227737427	0.31375595927238464	0.3762560486793518	0.5633041262626648
0.3339838981628418	0.2980749309062958	0.3980121910572052	0.21821370720863342	0.388973206281662	0.2616678774356842	0.18534255027770996	0.18338589370250702	0.22795437276363373	0.3287959396839142	0.3666055202484131	0.2899264097213745	0.42556455731391907	0.18099422752857208	0.23495052754878998	0.42013874650001526
0.2893849015235901	0.22112040221691132	0.3168611526489258	0.18132831156253815	0.3075597286224365	0.21262945234775543	0.15280915796756744	0.15356427431106567	0.19659283757209778	0.2862865626811981	0.28767699003219604	0.2594214081764221	0.3399098813533783	0.15178826451301575	0.19796432554721832	0.3381361961364746
0.32336297631263733	0.2697160840034485	0.35141098499298096	0.20692944526672363	0.327413409948349	0.22407500445842743	0.17950142920017242	0.18076802790164948	0.2249167263507843	0.3135799765586853	0.314030259847641	0.2895224690437317	0.361465185880661	0.17912732064723969	0.23123663663864136	0.3683183491230011
0.45988941192626953	0.370667427778244	0.5289998650550842	0.343652606010437	0.5034210085868835	0.36180517077445984	0.30286720395088196	0.30258774757385254	0.3527359366416931	0.46621763706207275	0.476207971572876	0.38944730162620544	0.5386635661125183	0.3023134768009186	0.3604063093662262	0.5368545055389404
0.3883863389492035	0.3314099609851837	0.46761250495910645	0.27574843168258667	0.4443071484565735	0.30033189058303833	0.23845414817333221	0.23760856688022614	0.2899557054042816	0.39668869972229004	0.4212174713611603	0.33072659373283386	0.4810836911201477	0.23713892698287964	0.2924395203590393	0.47476765513420105
0.43929266929626465	0.3400607705116272	0.45040860772132874	0.3536139726638794	0.4458557069301605	0.36088767647743225	0.3174760341644287	0.30906814336776733	0.35702577233314514	0.4372388422489166	0.40985968708992004	0.40341758728027344	0.4719582498073578	0.30766183137893677	0.3734590411186218	0.47168806195259094
0.4852767586708069	0.34776628017425537	0.4770779311656952	0.4093415439128876	0.46875137090682983	0.3820110857486725	0.36810222268104553	0.3591124415397644	0.4047607481479645	0.4859384298324585	0.4303681254386902	0.44555047154426575	0.4934357702732086	0.3574330508708954	0.41611310839653015	0.50296550989151
0.42282068729400635	0.3362412452697754	0.477056622505188	0.3803858160972595	0.4814010262489319	0.3397943675518036	0.33065590262413025	0.3205907344818115	0.3609379231929779	0.43561500310897827	0.4190511703491211	0.3943580090999603	0.499100923538208	0.3186679780483246	0.35466206073760986	0.5136734247207642
0.4394489824771881	0.32079774141311646	0.4399528205394745	0.40244320034980774	0.44050756096839905	0.3447633385658264	0.3561244606971741	0.3414190709590912	0.394279420375824	0.4459136724472046	0.3886934518814087	0.4322300851345062	0.4594825208187103	0.33988964557647705	0.3863952159881592	0.474314421415329
0.41326990723609924	0.29435694217681885	0.4059879183769226	0.39910876750946045	0.4225853979587555	0.34414637088775635	0.36040589213371277	0.34549498558044434	0.3856513500213623	0.41853559017181396	0.36314138770103455	0.42565062642097473	0.42977631092071533	0.34475278854370117	0.38413944840431213	0.44774705171585083
0.45403409004211426	0.3458998501300812	0.4646647870540619	0.425029993057251	0.4763185679912567	0.3789089322090149	0.38683435320854187	0.37102648615837097	0.41299423575401306	0.45579206943511963	0.41911375522613525	0.45538151264190674	0.48892828822135925	0.37024468183517456	0.4157123565673828	0.5023404359817505
0.4339998662471771	0.3422876000404358	0.4719955027103424	0.3845246434211731	0.474498450756073	0.3414708971977234	0.33823108673095703	0.32371652126312256	0.3677997887134552	0.4445297122001648	0.4131450057029724	0.4034186005592346	0.4901224374771118	0.3224533796310425	0.36783677339553833	0.5048117637634277
0.42679616808891296	0.3358784317970276	0.44636842608451843	0.4224523603916168	0.4629989564418793	0.3636910915374756	0.37938857078552246	0.3607771694660187	0.41295433044433594	0.4363737106323242	0.40327689051628113	0.44649168848991394	0.47129297256469727	0.35987570881843567	0.40271878242492676	0.4866071045398712
0.4118674695491791	0.27939626574516296	0.3923278748989105	0.4134863018989563	0.41005364060401917	0.3391887843608856	0.3762150704860687	0.35941949486732483	0.40179258584976196	0.4227375090122223	0.34644564986228943	0.4363517463207245	0.4159811735153198	0.35945767164230347	0.3887270390987396	0.43750908970832825
0.3965255916118622	0.2767241299152374	0.3893442749977112	0.35551103949546814	0.3902035653591156	0.29945412278175354	0.32211339473724365	0.30691224336624146	0.3467791676521301	0.400980144739151	0.34547898173332214	0.39221134781837463	0.4080471396446228	0.3066471219062805	0.35104769468307495	0.4155278503894806
0.41980862617492676	0.31878843903541565	0.4173029661178589	0.39777520298957825	0.43304237723350525	0.3507044315338135	0.36382851004600525	0.3490738272666931	0.3909072279930115	0.4236481487751007	0.3738993704319	0.432914137840271	0.44076693058013916	0.3484022617340088	0.3876403570175171	0.4610634446144104
0.3611442446708679	0.2865464687347412	0.37924331426620483	0.350490540266037	0.3873070478439331	0.29827311635017395	0.3181668519973755	0.3063816428184509	0.3487146198749542	0.3692764639854431	0.3364681303501129	0.3905472159385681	0.3958740532398224	0.3058604896068573	0.33759555220603943	0.41281259059906006
0.37022000551223755	0.29396167397499084	0.3879140317440033	0.3612678349018097	0.3960856795310974	0.30658772587776184	0.3281966745853424	0.31583371758461	0.35949283838272095	0.37838178873062134	0.34472450613975525	0.40052124857902527	0.4047662019729614	0.31530728936195374	0.3472849130630493	0.4219602048397064
0.38155901432037354	0.2940671443939209	0.390921413898468	0.3710710406303406	0.39598438143730164	0.3130859136581421	0.33831605315208435	0.3252580761909485	0.3708057105541229	0.38880419731140137	0.34774792194366455	0.4120721220970154	0.4061483144760132	0.3249160051345825	0.36029165983200073	0.42216479778289795
0.3605552017688751	0.28857994079589844	0.37493330240249634	0.347869873046875	0.3815615475177765	0.29870033264160156	0.3186645209789276	0.307184100151062	0.35216057300567627	0.36708804965019226	0.33518117666244507	0.39662033319473267	0.391095906496048	0.3068106472492218	0.34108856320381165	0.407769113779068
0.35074448585510254	0.3203844428062439	0.398787260055542	0.32503679394721985	0.4173543453216553	0.31802406907081604	0.30067089200019836	0.2927227020263672	0.31765395402908325	0.35497137904167175	0.3625963032245636	0.36369815468788147	0.43038657307624817	0.29202038049697876	0.3180459141731262	0.4387403428554535
0.27869465947151184	0.25608572363853455	0.30853134393692017	0.24502970278263092	0.3318912982940674	0.2710971534252167	0.23475730419158936	0.22618895769119263	0.2517029941082001	0.2726341485977173	0.2915337085723877	0.3168039917945862	0.35080859065055847	0.2253231555223465	0.25837597250938416	0.3459966778755188
0.2533632218837738	0.2247898280620575	0.28838297724723816	0.18977303802967072	0.31069132685661316	0.2394283264875412	0.17784705758094788	0.1736941784620285	0.19497321546077728	0.2485731989145279	0.26262959837913513	0.26237761974334717	0.33205169439315796	0.17239226400852203	0.21025484800338745	0.328628808259964
0.22511686384677887	0.19044077396392822	0.2489691972732544	0.1741824895143509	0.2727036774158478	0.2208661288022995	0.1647302657365799	0.16000871360301971	0.1818460375070572	0.21927355229854584	0.23076623678207397	0.25278088450431824	0.2955946922302246	0.15869440138339996	0.19543717801570892	0.28787773847579956
0.24103882908821106	0.22652485966682434	0.27596378326416016	0.20286284387111664	0.3068475127220154	0.24983052909374237	0.1958846151828766	0.18944044411182404	0.2070438712835312	0.23737505078315735	0.25992467999458313	0.27368828654289246	0.32394424080848694	0.18871796131134033	0.21403498947620392	0.32073459029197693
0.1999145895242691	0.17229139804840088	0.2298724204301834	0.14003317058086395	0.25353899598121643	0.1967707723379135	0.1323394924402237	0.12835931777954102	0.14965492486953735	0.19615159928798676	0.21048401296138763	0.22147007286548615	0.278598427772522	0.12731455266475677	0.16059543192386627	0.2718503475189209
0.24062223732471466	0.21564844250679016	0.3000611960887909	0.21016409993171692	0.33467358350753784	0.2408759742975235	0.19003693759441376	0.18269135057926178	0.20738744735717773	0.25920259952545166	0.2621537446975708	0.2504192292690277	0.3466112017631531	0.1825779527425766	0.20024487376213074	0.3576894700527191
0.2609097957611084	0.24458593130111694	0.3111814558506012	0.24097567796707153	0.3476104438304901	0.2714185118675232	0.22494426369667053	0.2150750309228897	0.24080495536327362	0.26835018396377563	0.2859298884868622	0.29345911741256714	0.36089837551116943	0.2147950679063797	0.23542508482933044	0.3611425459384918
0.22777503728866577	0.2457668036222458	0.3010859489440918	0.2132745087146759	0.33793553709983826	0.244092658162117	0.1966094672679901	0.1872369349002838	0.2169722467660904	0.23919132351875305	0.2801189422607422	0.26833397150039673	0.34877753257751465	0.18700776994228363	0.2053271383047104	0.34861525893211365
0.16673387587070465	0.1607084423303604	0.22949042916297913	0.13623911142349243	0.2564098536968231	0.15733888745307922	0.11441817879676819	0.10951317846775055	0.1442631036043167	0.1865481436252594	0.19585716724395752	0.19240888953208923	0.2645312249660492	0.10878745466470718	0.1277875304222107	0.2789343297481537
0.2398568093776703	0.3004421591758728	0.3598768711090088	0.16800184547901154	0.37765049934387207	0.21775832772254944	0.13743086159229279	0.1370115578174591	0.17138971388339996	0.2501760423183441	0.3286343812942505	0.22079849243164062	0.3905192017555237	0.13431091606616974	0.16586588323116302	0.3980189859867096
0.2259892225265503	0.252217173576355	0.3175935447216034	0.17188137769699097	0.33330029249191284	0.2039758414030075	0.14307482540607452	0.14058665931224823	0.17660434544086456	0.23328135907649994	0.2848333716392517	0.23086731135845184	0.3470308482646942	0.1383180320262909	0.16785062849521637	0.3523961305618286
0.14181126654148102	0.17777399718761444	0.2088364213705063	0.08530111610889435	0.22393202781677246	0.11666647344827652	0.06530150026082993	0.06311739236116409	0.09164458513259888	0.13738200068473816	0.18173696100711823	0.16486899554729462	0.23858241736888885	0.060289960354566574	0.08727487176656723	0.24661646783351898
0.21780309081077576	0.22234278917312622	0.258745402097702	0.12071582674980164	0.2512616515159607	0.16140934824943542	0.10227113962173462	0.10430435836315155	0.1407596617937088	0.2079620212316513	0.2324863225221634	0.21372748911380768	0.2762919068336487	0.10168099403381348	0.15205501019954681	0.27547645568847656
0.18204374611377716	0.20493251085281372	0.24036096036434174	0.09190335124731064	0.23708754777908325	0.1369244009256363	0.07327379286289215	0.0740976631641388	0.10835336893796921	0.17628143727779388	0.21606911718845367	0.17922057211399078	0.2577205300331116	0.07158370316028595	0.12084020674228668	0.25695735216140747
0.12768767774105072	0.13617566227912903	0.1797371804714203	0.09041448682546616	0.1946418583393097	0.09510370343923569	0.07041382789611816	0.06808338314294815	0.09810794144868851	0.13422921299934387	0.1492224782705307	0.15988750755786896	0.20145216584205627	0.06671619415283203	0.09047532826662064	0.21870794892311096
0.3325096070766449	0.33170217275619507	0.41561588644981384	0.21969571709632874	0.40355587005615234	0.26226571202278137	0.1836853325366974	0.1833920180797577	0.23963546752929688	0.33014407753944397	0.3832685947418213	0.29366105794906616	0.429264634847641	0.18150295317173004	0.24604280292987823	0.433118611574173
0.21792204678058624	0.24732238054275513	0.26951009035110474	0.13054892420768738	0.2563805878162384	0.1617879867553711	0.11630354076623917	0.120941661298275	0.15237312018871307	0.19666257500648499	0.255364328622818	0.23524633049964905	0.2820066809654236	0.11825084686279297	0.1724642664194107	0.27356085181236267
0.15389034152030945	0.1868518590927124	0.2016293853521347	0.09323043376207352	0.19825977087020874	0.10481995344161987	0.07554351538419724	0.07772992551326752	0.10861972719430923	0.13230958580970764	0.18601149320602417	0.19638901948928833	0.21723566949367523	0.0744200050830841	0.11759542673826218	0.21765314042568207
0.18332311511039734	0.23547351360321045	0.2629457712173462	0.11544366180896759	0.2597433030605316	0.13384351134300232	0.09296204149723053	0.09772486984729767	0.12698626518249512	0.1734522134065628	0.24465559422969818	0.19929465651512146	0.27454328536987305	0.09449823945760727	0.13733422756195068	0.27966368198394775
0.24051308631896973	0.2883774936199188	0.344359815120697	0.154082790017128	0.33486461639404297	0.17964738607406616	0.1253834366798401	0.12970665097236633	0.1710192710161209	0.2280544936656952	0.3199450969696045	0.24219463765621185	0.35796695947647095	0.12735199928283691	0.17491187155246735	0.35918521881103516
0.1447349190711975	0.19057266414165497	0.21180880069732666	0.10966169834136963	0.21259616315364838	0.09570987522602081	0.0894179493188858	0.09246926009654999	0.11874032020568848	0.13809752464294434	0.19184882938861847	0.19272112846374512	0.22391292452812195	0.08945176750421524	0.11322716623544693	0.23360684514045715
0.24024568498134613	0.26410287618637085	0.2918500006198883	0.21397154033184052	0.29971256852149963	0.20495997369289398	0.19388729333877563	0.19013583660125732	0.21559220552444458	0.23275910317897797	0.27417638897895813	0.28361818194389343	0.31138789653778076	0.18712706863880157	0.21359242498874664	0.32142341136932373
0.23512692749500275	0.2552322447299957	0.29216647148132324	0.1804937720298767	0.2883824408054352	0.17741945385932922	0.15582816302776337	0.15654897689819336	0.1861560195684433	0.21993087232112885	0.272188276052475	0.26143723726272583	0.3057252764701843	0.1534009575843811	0.19859793782234192	0.30703216791152954
0.2932232916355133	0.24798934161663055	0.3329419195652008	0.27438846230506897	0.34003013372421265	0.23985111713409424	0.2447594404220581	0.24148142337799072	0.269969642162323	0.29764804244041443	0.2964790463447571	0.3229258954524994	0.35110628604888916	0.2401513308286667	0.26591137051582336	0.36156779527664185
0.17321600019931793	0.21277795732021332	0.26267775893211365	0.15553534030914307	0.2757103741168976	0.14889687299728394	0.13939407467842102	0.13893169164657593	0.16850122809410095	0.18179821968078613	0.2337782382965088	0.22681863605976105	0.28593918681144714	0.13847994804382324	0.15663498640060425	0.2857612073421478
0.11744816601276398	0.11518540978431702	0.1748039871454239	0.13792474567890167	0.19992505013942719	0.10270223766565323	0.1213127002120018	0.11677873134613037	0.1353379786014557	0.1281251609325409	0.1418183296918869	0.19706842303276062	0.19890466332435608	0.11587049812078476	0.1153402328491211	0.2183533012866974
0.25838369131088257	0.18116888403892517	0.27654096484184265	0.2647395730018616	0.2926020920276642	0.21483290195465088	0.23755468428134918	0.2268785983324051	0.2574971318244934	0.2679583430290222	0.2322564572095871	0.3094463050365448	0.29902639985084534	0.22672127187252045	0.2536647915840149	0.31111443042755127
0.16822874546051025	0.1880761831998825	0.25518664717674255	0.189348965883255	0.2851625680923462	0.16128550469875336	0.17215102910995483	0.16359823942184448	0.19376076757907867	0.18896551430225372	0.2183127999305725	0.2406076192855835	0.288157194852829	0.16399788856506348	0.1662830263376236	0.29634541273117065
0.18777628242969513	0.17127454280853271	0.25462374091148376	0.2123756855726242	0.2850821912288666	0.1740969866514206	0.19472719728946686	0.18540579080581665	0.21408598124980927	0.21450240910053253	0.21055875718593597	0.25317123532295227	0.2860824763774872	0.18646037578582764	0.1834881454706192	0.2983543276786804
0.25210002064704895	0.13991881906986237	0.23794648051261902	0.2731805443763733	0.271668016910553	0.22661460936069489	0.2538662850856781	0.23985759913921356	0.26691973209381104	0.26788726449012756	0.18770629167556763	0.3157506287097931	0.27130019664764404	0.24049954116344452	0.26149389147758484	0.2823712229728699
0.22402514517307281	0.13614094257354736	0.22582237422466278	0.24498340487480164	0.2540067732334137	0.18714164197444916	0.225704625248909	0.215861514210701	0.23978157341480255	0.24482853710651398	0.17433546483516693	0.28602275252342224	0.24609963595867157	0.21661904454231262	0.22775788605213165	0.27023178339004517
0.18873301148414612	0.15668195486068726	0.22909370064735413	0.2000422179698944	0.26102060079574585	0.1641528308391571	0.1887853890657425	0.17885911464691162	0.21278485655784607	0.20731155574321747	0.17928606271743774	0.26152074337005615	0.2556789219379425	0.1803012639284134	0.19028782844543457	0.27102571725845337
0.25419479608535767	0.14085973799228668	0.23006680607795715	0.2620161473751068	0.26618024706840515	0.23323409259319305	0.24632516503334045	0.2331734150648117	0.255779892206192	0.26552915573120117	0.1829778403043747	0.30848968029022217	0.2652052640914917	0.23339872062206268	0.25550705194473267	0.27643024921417236
0.22112874686717987	0.1147540733218193	0.1994825303554535	0.22811713814735413	0.22651152312755585	0.18172162771224976	0.21033120155334473	0.19912515580654144	0.22746078670024872	0.23401886224746704	0.15090331435203552	0.28096216917037964	0.22514751553535461	0.19979430735111237	0.22749635577201843	0.23482070863246918
0.23565804958343506	0.0894194021821022	0.18984878063201904	0.25684699416160583	0.22586995363235474	0.18477165699005127	0.2352520078420639	0.22426463663578033	0.2514966130256653	0.25422343611717224	0.13521619141101837	0.2991136908531189	0.2170083075761795	0.22519564628601074	0.24413414299488068	0.23188740015029907
0.24280789494514465	0.12088228017091751	0.20306558907032013	0.24668313562870026	0.23639382421970367	0.19778157770633698	0.22737540304660797	0.21614255011081696	0.24551311135292053	0.24906699359416962	0.16279737651348114	0.3049485683441162	0.232050821185112	0.21573375165462494	0.24986319243907928	0.23849473893642426
0.18310125172138214	0.13076739013195038	0.19437766075134277	0.18516340851783752	0.23057903349399567	0.16388064622879028	0.1671164631843567	0.16115935146808624	0.18607109785079956	0.18972568213939667	0.1581258475780487	0.24620193243026733	0.22432443499565125	0.1606103777885437	0.1843578815460205	0.23384231328964233
0.22059278190135956	0.18925929069519043	0.23908904194831848	0.21047258377075195	0.2696925103664398	0.19661565124988556	0.1939123570919037	0.1890999674797058	0.21289794147014618	0.21910381317138672	0.21370144188404083	0.27815544605255127	0.2681727409362793	0.18802963197231293	0.21880628168582916	0.27126601338386536
0.13756926357746124	0.08828537911176682	0.1544247269630432	0.12220615148544312	0.16621215641498566	0.09584429860115051	0.11281891167163849	0.1064375638961792	0.13299502432346344	0.14522022008895874	0.13222968578338623	0.19442994892597198	0.1718398779630661	0.10693622380495071	0.12465322017669678	0.16826699674129486
0.26667818427085876	0.2156086415052414	0.28587082028388977	0.2444176822900772	0.30972597002983093	0.22825154662132263	0.22239860892295837	0.21672508120536804	0.24008195102214813	0.2627323865890503	0.25607144832611084	0.3005070090293884	0.3104836642742157	0.21569156646728516	0.24505044519901276	0.32683002948760986
0.19075016677379608	0.11510024964809418	0.19324412941932678	0.16704483330249786	0.2062271684408188	0.13628317415714264	0.15284688770771027	0.1439066082239151	0.17463311553001404	0.2026582807302475	0.16383032500743866	0.22788187861442566	0.20327788591384888	0.144964799284935	0.1683172881603241	0.22305907309055328
0.2885631322860718	0.20732992887496948	0.2933546304702759	0.24658285081386566	0.3131246864795685	0.23779213428497314	0.22149915993213654	0.21526598930358887	0.24138084053993225	0.28603941202163696	0.2587341368198395	0.299550861120224	0.31639835238456726	0.21396633982658386	0.2526196539402008	0.3340056538581848
0.2815607190132141	0.23562252521514893	0.2977069616317749	0.26670682430267334	0.3201303780078888	0.24583013355731964	0.24583351612091064	0.23937882483005524	0.2622290253639221	0.2831140160560608	0.27263253927230835	0.3188881278038025	0.3224422335624695	0.2377249300479889	0.2603580951690674	0.33633002638816833
0.2761140465736389	0.21051131188869476	0.2933163642883301	0.25018593668937683	0.3108348846435547	0.22388410568237305	0.2262924164533615	0.2213560938835144	0.25070440769195557	0.2816064953804016	0.2559022903442383	0.30276548862457275	0.3142503798007965	0.22036568820476532	0.25199684500694275	0.32441088557243347
0.2885339558124542	0.2384674996137619	0.3262604773044586	0.25726082921028137	0.34062474966049194	0.2513759434223175	0.23764729499816895	0.23323264718055725	0.25614026188850403	0.2967461347579956	0.2834208905696869	0.3037327229976654	0.3480026125907898	0.23249663412570953	0.2555926740169525	0.3599257469177246
0.3008587956428528	0.27175307273864746	0.3482610285282135	0.27322208881378174	0.3664388060569763	0.274758517742157	0.25446128845214844	0.24820515513420105	0.2725476324558258	0.3073381185531616	0.312438040971756	0.32081758975982666	0.3740774393081665	0.24725741147994995	0.2692171633243561	0.38556209206581116
0.22017377614974976	0.20481210947036743	0.2685469686985016	0.2138952612876892	0.29504138231277466	0.2055816799402237	0.19808955490589142	0.18737806379795074	0.21812477707862854	0.22830785810947418	0.23685228824615479	0.2733762860298157	0.300047904253006	0.186990886926651	0.2090093493461609	0.30605533719062805
0.2595590353012085	0.24957166612148285	0.3262447416782379	0.25744545459747314	0.34706321358680725	0.23008598387241364	0.23850956559181213	0.22895458340644836	0.26338011026382446	0.2764149308204651	0.28273218870162964	0.3071706295013428	0.34850460290908813	0.22892940044403076	0.24342001974582672	0.36373573541641235
0.254512220621109	0.2874770164489746	0.34619140625	0.23150210082530975	0.3642835319042206	0.2352776974439621	0.21579883992671967	0.21115396916866302	0.24196483194828033	0.2660119831562042	0.3097396492958069	0.28914493322372437	0.3705469071865082	0.21101394295692444	0.2267075777053833	0.3782294988632202
0.2413622885942459	0.2710265815258026	0.34564194083213806	0.2236110121011734	0.3631976842880249	0.21608178317546844	0.2110528200864792	0.206417977809906	0.24237164855003357	0.26460471749305725	0.29622682929039	0.2783854901790619	0.3686971962451935	0.20711268484592438	0.21278218924999237	0.3795357048511505
0.22133511304855347	0.22259299457073212	0.2954397201538086	0.21969521045684814	0.3188219964504242	0.196234330534935	0.20732206106185913	0.19759096205234528	0.23861175775527954	0.24561971426010132	0.24871887266635895	0.277187705039978	0.32041874527931213	0.1987183690071106	0.20929813385009766	0.3295384645462036
0.24632564187049866	0.3043835759162903	0.3665585517883301	0.24590274691581726	0.38711026310920715	0.23188020288944244	0.2341025173664093	0.22976861894130707	0.26667335629463196	0.2744840085506439	0.3227938115596771	0.2983744740486145	0.3910268545150757	0.23092542588710785	0.22831179201602936	0.39900636672973633
0.24716444313526154	0.32324057817459106	0.37597715854644775	0.22938141226768494	0.3960084617137909	0.23461152613162994	0.22106219828128815	0.2163335233926773	0.25752726197242737	0.27119073271751404	0.3354782462120056	0.29264891147613525	0.4026447832584381	0.2170812040567398	0.22350086271762848	0.40418246388435364
0.2115512192249298	0.26657041907310486	0.33393821120262146	0.20217213034629822	0.3522123396396637	0.1899547278881073	0.19288493692874908	0.18869581818580627	0.23059768974781036	0.2402145266532898	0.2840529680252075	0.263235867023468	0.3551487624645233	0.19008949398994446	0.1908642202615738	0.36353638768196106
0.25058436393737793	0.35769936442375183	0.39432236552238464	0.2313338667154312	0.4164157807826996	0.2504730820655823	0.2241107076406479	0.2218567281961441	0.261806845664978	0.2706441581249237	0.36031103134155273	0.2998795807361603	0.42247819900512695	0.22271525859832764	0.2283460646867752	0.42358845472335815
0.23429934680461884	0.3407725989818573	0.38022464513778687	0.21211257576942444	0.40100547671318054	0.22596094012260437	0.20508749783039093	0.20177678763866425	0.24393251538276672	0.2559722661972046	0.3434993028640747	0.28217124938964844	0.4068717062473297	0.20226344466209412	0.20902827382087708	0.4081784784793854
0.25024139881134033	0.3781270384788513	0.4046328663825989	0.22099514305591583	0.4291380047798157	0.26177307963371277	0.21485313773155212	0.2114495038986206	0.2485106885433197	0.2721705436706543	0.3770286738872528	0.28591835498809814	0.4345247447490692	0.2114257961511612	0.21686114370822906	0.44002771377563477
0.18116597831249237	0.32143348455429077	0.33574432134628296	0.13692604005336761	0.34943243861198425	0.1829427182674408	0.13246837258338928	0.13343170285224915	0.16721531748771667	0.20291464030742645	0.31232449412345886	0.21208877861499786	0.35636717081069946	0.1324460655450821	0.14333494007587433	0.36033543944358826
0.23796656727790833	0.32814934849739075	0.3548838198184967	0.19734801352024078	0.36953359842300415	0.2348678559064865	0.18816983699798584	0.18197526037693024	0.2182426154613495	0.2502974271774292	0.3451951742172241	0.2696417570114136	0.3835737705230713	0.1801980584859848	0.20200274884700775	0.38057342171669006
0.3008875846862793	0.38456669449806213	0.3974059224128723	0.23425623774528503	0.4089702367782593	0.291375070810318	0.22079132497310638	0.21404173970222473	0.25014838576316833	0.3005983233451843	0.40212541818618774	0.30632278323173523	0.424424409866333	0.21101906895637512	0.2502621114253998	0.42073291540145874
0.2878047823905945	0.297061949968338	0.34038466215133667	0.22361502051353455	0.35053467750549316	0.26097720861434937	0.20670464634895325	0.1979106366634369	0.23080644011497498	0.2944490313529968	0.33554354310035706	0.2814691662788391	0.3641646206378937	0.1956169754266739	0.23068930208683014	0.3705745041370392
0.2737390100955963	0.2906283140182495	0.33086082339286804	0.21238215267658234	0.3394123911857605	0.24771161377429962	0.19501841068267822	0.1868332475423813	0.21950280666351318	0.27514007687568665	0.3248595595359802	0.2767772674560547	0.35474684834480286	0.18412461876869202	0.22433342039585114	0.35797739028930664
0.28831374645233154	0.30856749415397644	0.3620404899120331	0.21840479969978333	0.3672453463077545	0.26202723383903503	0.20257791876792908	0.20029179751873016	0.22842881083488464	0.2872020900249481	0.35264095664024353	0.2874491512775421	0.3878951072692871	0.19829794764518738	0.23440240323543549	0.3841824233531952
0.178348109126091	0.254692018032074	0.2896248698234558	0.14529378712177277	0.30470433831214905	0.17823426425457	0.13499894738197327	0.13066795468330383	0.15959905087947845	0.18119867146015167	0.2845870554447174	0.22194188833236694	0.3179900348186493	0.12890921533107758	0.14377497136592865	0.32282736897468567
0.22977477312088013	0.28048887848854065	0.31193411350250244	0.17355021834373474	0.3242602050304413	0.22358883917331696	0.16493406891822815	0.16047224402427673	0.1868629902601242	0.2247111201286316	0.31410324573516846	0.2520809471607208	0.3375294804573059	0.15803197026252747	0.18077607452869415	0.34642916917800903
0.12415162473917007	0.09706517308950424	0.1677262783050537	0.1371072232723236	0.19343313574790955	0.12009502202272415	0.12192970514297485	0.1192382276058197	0.13082318007946014	0.14171621203422546	0.14920619130134583	0.18258318305015564	0.19574052095413208	0.118154376745224	0.11209340393543243	0.21506378054618835
0.1607978790998459	0.2011454850435257	0.2462124526500702	0.17483989894390106	0.27334779500961304	0.17120063304901123	0.16133642196655273	0.1581614911556244	0.176764115691185	0.16619472205638885	0.227321058511734	0.23777665197849274	0.2760201394557953	0.15713852643966675	0.15397857129573822	0.2871239185333252
0.11153032630681992	0.08667531609535217	0.15519854426383972	0.11042318493127823	0.16548456251621246	0.08611355721950531	0.10348162055015564	0.0979166328907013	0.12683844566345215	0.12869852781295776	0.12694253027439117	0.18152646720409393	0.16372139751911163	0.09886567294597626	0.09564270824193954	0.18452909588813782
0.06630465388298035	0.02372274175286293	0.09246519953012466	0.0484188012778759	0.09011434018611908	0.019099175930023193	0.045525580644607544	0.03991245850920677	0.07096783816814423	0.08459107577800751	0.06611757725477219	0.1299716830253601	0.08713771402835846	0.04131827503442764	0.04580846428871155	0.10937220603227615
0.1094246432185173	0.04305078461766243	0.1309158205986023	0.0959802120923996	0.1313658207654953	0.056678395718336105	0.08593165874481201	0.08050021529197693	0.10856611281633377	0.13104239106178284	0.0939430445432663	0.16108977794647217	0.13029083609580994	0.08173959702253342	0.08301034569740295	0.15612059831619263
0.09597094357013702	0.02895360440015793	0.12035088986158371	0.09264090657234192	0.12746748328208923	0.04807160049676895	0.08214877545833588	0.07650376111268997	0.10280746221542358	0.11955898255109787	0.0800483375787735	0.1530228853225708	0.1241212785243988	0.0781591385602951	0.07841546833515167	0.1499539315700531
0.028292901813983917	0.02312605455517769	0.07849320769309998	0.02537946030497551	0.09306290745735168	0.007516905199736357	0.02369607612490654	0.023603195324540138	0.044641606509685516	0.037900619208812714	0.056593019515275955	0.11233513057231903	0.09210538864135742	0.023872114717960358	0.017243240028619766	0.09981195628643036
0.021106494590640068	0.023982251062989235	0.08063954859972	0.0006212280131876469	0.08141617476940155	0.0	0.0	4.0640003135195e-05	0.024175366386771202	0.024320250377058983	0.06030314788222313	0.09745889902114868	0.08935514092445374	0.00026519192033447325	0.007803649175912142	0.09022872895002365
0.08113638311624527	0.03401583060622215	0.07435277849435806	0.07028274238109589	0.06830742955207825	0.05699051916599274	0.08072670549154282	0.0800613984465599	0.09466870874166489	0.07019518315792084	0.05713426694273949	0.17720220983028412	0.07264630496501923	0.08007990568876266	0.10693995654582977	0.06079208850860596
0.04348186030983925	0.009019490331411362	0.06743188202381134	0.004003333393484354	0.06140666455030441	0.0009005473111756146	0.0036079923156648874	0.00387588981539011	0.02571697160601616	0.03806592896580696	0.035379599779844284	0.10596169531345367	0.06764332205057144	0.004366560373455286	0.040138956159353256	0.06467559933662415
0.13010242581367493	0.12293701618909836	0.17721214890480042	0.08397714048624039	0.1835561841726303	0.10601053386926651	0.07403844594955444	0.08092429488897324	0.08978870511054993	0.10626202076673508	0.13882604241371155	0.17764721810817719	0.1968371868133545	0.0788390040397644	0.1196163222193718	0.19012755155563354
0.20402838289737701	0.16797272861003876	0.241127148270607	0.17324544489383698	0.2514295279979706	0.1710774451494217	0.15571722388267517	0.15357977151870728	0.17145223915576935	0.19313038885593414	0.2097601741552353	0.24168965220451355	0.2684413492679596	0.15211334824562073	0.1826888620853424	0.262364000082016
0.0709681436419487	0.007584377657622099	0.07247062772512436	0.03838938847184181	0.07696378231048584	0.022300541400909424	0.03555367514491081	0.03700171411037445	0.054544031620025635	0.06874047964811325	0.038748569786548615	0.1298191249370575	0.07700733840465546	0.037231530994176865	0.060925427824258804	0.08316758275032043
0.1945234090089798	0.1654047966003418	0.2093263566493988	0.15613633394241333	0.23179148137569427	0.16936369240283966	0.14201590418815613	0.14194385707378387	0.15671823918819427	0.17180903255939484	0.1821078360080719	0.24116268754005432	0.2320893555879593	0.13989654183387756	0.18339109420776367	0.2464282065629959
0.0668037012219429	0.09250660240650177	0.07787960022687912	0.06545796245336533	0.08786597102880478	0.07923676073551178	0.07623480260372162	0.06675773113965988	0.08874590694904327	0.05320610851049423	0.07346010953187943	0.1784420907497406	0.08978438377380371	0.06697028130292892	0.09869226813316345	0.10386539995670319
0.12487584352493286	0.1265663355588913	0.11332369595766068	0.1448957473039627	0.13385343551635742	0.16479924321174622	0.16585902869701385	0.15870891511440277	0.1609174609184265	0.1126197800040245	0.1138673946261406	0.24487702548503876	0.13170230388641357	0.15941838920116425	0.16967202723026276	0.14422334730625153
0.05777757987380028	0.08204177021980286	0.06678151339292526	0.07160473614931107	0.0875941589474678	0.09346453100442886	0.08920159935951233	0.08113730698823929	0.09137022495269775	0.053010061383247375	0.05962299183011055	0.17662762105464935	0.08447624742984772	0.08237806707620621	0.09547774493694305	0.10321490466594696
0.04150809720158577	0.07005812972784042	0.04952975735068321	0.05198751389980316	0.06929432600736618	0.08171139657497406	0.07269119471311569	0.06692706793546677	0.07325132936239243	0.035001564770936966	0.04679686203598976	0.16166670620441437	0.0692906454205513	0.068246990442276	0.07806751877069473	0.08458277583122253
0.11530601233243942	0.12145596742630005	0.13065360486507416	0.15313680469989777	0.16162197291851044	0.14905095100402832	0.15810459852218628	0.14552924036979675	0.14972679316997528	0.13202325999736786	0.12800991535186768	0.2113809883594513	0.16020454466342926	0.14740151166915894	0.13852383196353912	0.18018946051597595
0.14012153446674347	0.15097293257713318	0.15613587200641632	0.17048433423042297	0.1868160367012024	0.17884843051433563	0.17432525753974915	0.16280946135520935	0.1572389155626297	0.14774535596370697	0.16478225588798523	0.22475506365299225	0.18934935331344604	0.16407178342342377	0.15965193510055542	0.1992456316947937
0.3035472631454468	0.20350675284862518	0.2689686417579651	0.2965558171272278	0.2993607819080353	0.30163559317588806	0.2896769046783447	0.2803359627723694	0.2806619703769684	0.29811981320381165	0.25720223784446716	0.34578534960746765	0.3049749732017517	0.28066128492355347	0.3001073896884918	0.3120252788066864
0.31737378239631653	0.21348483860492706	0.30801457166671753	0.2806549072265625	0.337292343378067	0.30106261372566223	0.2693309485912323	0.26803791522979736	0.2569470703601837	0.315776526927948	0.28323298692703247	0.3162372410297394	0.3449254631996155	0.2677498757839203	0.28720054030418396	0.34970197081565857
0.3600376844406128	0.25241562724113464	0.35575637221336365	0.31477898359298706	0.3803175687789917	0.33948594331741333	0.30201199650764465	0.29808932542800903	0.2872798442840576	0.3593781292438507	0.32884231209754944	0.34136995673179626	0.3913920521736145	0.29792147874832153	0.31986716389656067	0.398194819688797
0.2976764440536499	0.19213934242725372	0.25985613465309143	0.3014768362045288	0.2989457845687866	0.30572500824928284	0.29483291506767273	0.28504398465156555	0.27893418073654175	0.29276835918426514	0.24814386665821075	0.3431996703147888	0.3024197518825531	0.28540658950805664	0.2986052632331848	0.3124561607837677
0.11615125089883804	0.14164382219314575	0.13738062977790833	0.16429370641708374	0.17437773942947388	0.17091287672519684	0.17031186819076538	0.15891174972057343	0.14637845754623413	0.12617048621177673	0.15023449063301086	0.2136567384004593	0.17506521940231323	0.16014745831489563	0.14575272798538208	0.18547886610031128
0.08925936371088028	0.09740806370973587	0.10735631734132767	0.1268172413110733	0.1389579176902771	0.12892316281795502	0.13711412250995636	0.12641416490077972	0.12058811634778976	0.10603264719247818	0.10775692015886307	0.1839675009250641	0.1368042230606079	0.12838302552700043	0.11386583000421524	0.15275537967681885
0.17279240489006042	0.13952462375164032	0.15257950127124786	0.20549985766410828	0.1767025887966156	0.19693666696548462	0.21738453209400177	0.2034410983324051	0.213405579328537	0.18189436197280884	0.14857251942157745	0.27765512466430664	0.17666111886501312	0.20578032732009888	0.2033286988735199	0.1946782022714615
0.17237259447574615	0.14679455757141113	0.12992911040782928	0.2111520767211914	0.15640543401241302	0.22226326167583466	0.23759114742279053	0.22842976450920105	0.22736741602420807	0.1609213501214981	0.1285439133644104	0.30950862169265747	0.14776384830474854	0.22982445359230042	0.23552757501602173	0.16368934512138367
0.26213929057121277	0.1760653257369995	0.1770748347043991	0.34996137022972107	0.21396207809448242	0.31187835335731506	0.37638530135154724	0.3588956296443939	0.35586002469062805	0.2635221481323242	0.16915547847747803	0.4170386791229248	0.19603809714317322	0.3617223799228668	0.3436986804008484	0.22057685256004333
0.529745876789093	0.5755161643028259	0.5271621346473694	0.5964117050170898	0.5417095422744751	0.5709609389305115	0.6142528653144836	0.6067028045654297	0.6101394295692444	0.5338689684867859	0.5335313081741333	0.6405944228172302	0.5277021527290344	0.6094170212745667	0.5863354802131653	0.5439887642860413
0.5897359251976013	0.7224562168121338	0.6756680011749268	0.6498644351959229	0.6741966605186462	0.6414663791656494	0.6716211438179016	0.6788143515586853	0.6687526106834412	0.5982576608657837	0.6761800050735474	0.687402606010437	0.671592116355896	0.6807324290275574	0.6371382474899292	0.6591882109642029
0.8672580718994141	0.8829395174980164	0.8863042593002319	0.8769548535346985	0.889915943145752	0.889403223991394	0.898341953754425	0.9050490260124207	0.8932793736457825	0.8632878661155701	0.8783788681030273	0.9025441408157349	0.8813742995262146	0.9060786366462708	0.8919737339019775	0.8826951384544373
0.9836891889572144	1.0	1.0	0.980165958404541	1.0	1.0	0.9930147528648376	1.0	0.9893544912338257	0.9668028354644775	1.0	1.0	0.9971778392791748	1.0	1.0	0.9900643825531006
0.9454179406166077	0.9475945830345154	0.9559641480445862	0.9431064128875732	0.9581329822540283	0.958166241645813	0.9526827931404114	0.9584061503410339	0.9508225917816162	0.9305046796798706	0.951826810836792	0.9629002213478088	0.9558804035186768	0.9584687948226929	0.959668755531311	0.9502890110015869
1.0	0.9498502016067505	0.9914718270301819	1.0	0.9975664615631104	0.9902381300926208	1.0	0.9944139719009399	1.0	1.0	0.9917140007019043	0.9941702485084534	1.0	0.9955498576164246	0.9904412627220154	1.0
0.891354501247406	0.9399698376655579	0.9679933786392212	0.8993896842002869	0.983902096748352	0.8939062356948853	0.884979784488678	0.8860379457473755	0.8834075331687927	0.9073920845985413	0.9571490287780762	0.8723041415214539	0.9794632792472839	0.8865153193473816	0.8720662593841553	0.988121509552002
0.2912936508655548	0.2180914282798767	0.2889176309108734	0.26866769790649414	0.31074613332748413	0.2656596899032593	0.2616455852985382	0.25693634152412415	0.25987493991851807	0.30581721663475037	0.2680603563785553	0.30567899346351624	0.3091077208518982	0.2559071481227875	0.27221548557281494	0.32606178522109985
0.19267970323562622	0.10557577759027481	0.19187138974666595	0.17012712359428406	0.2117868810892105	0.1755029857158661	0.17276005446910858	0.1706186980009079	0.15950451791286469	0.2083362191915512	0.16925300657749176	0.2103060930967331	0.20966510474681854	0.17077267169952393	0.18055042624473572	0.21629531681537628
0.23685576021671295	0.20878973603248596	0.26398470997810364	0.21789398789405823	0.2837478220462799	0.20460082590579987	0.20054841041564941	0.19773592054843903	0.21107244491577148	0.24471336603164673	0.24098458886146545	0.2637183368206024	0.2843919098377228	0.19685432314872742	0.2152196615934372	0.29910725355148315
0.23474012315273285	0.18463607132434845	0.22361716628074646	0.2506762444972992	0.26181042194366455	0.22038054466247559	0.23916026949882507	0.23035000264644623	0.23931269347667694	0.2390623390674591	0.1986309438943863	0.2978733777999878	0.2502197027206421	0.22991017997264862	0.2499346286058426	0.2708456218242645
0.17181360721588135	0.13149340450763702	0.1549920290708542	0.2108706831932068	0.1875237375497818	0.15484976768493652	0.20234408974647522	0.19387772679328918	0.19992996752262115	0.18222276866436005	0.13339194655418396	0.25873830914497375	0.17562822997570038	0.1932123750448227	0.20271036028862	0.1945519596338272
0.19235001504421234	0.13476626574993134	0.1827685534954071	0.2285262644290924	0.2069234699010849	0.15603211522102356	0.21400193870067596	0.20426025986671448	0.21902760863304138	0.20611217617988586	0.14575226604938507	0.2720278203487396	0.19908222556114197	0.20451872050762177	0.21436357498168945	0.21984508633613586
0.16634759306907654	0.15085278451442719	0.1852663904428482	0.1817605197429657	0.21676607429981232	0.14600947499275208	0.1676759272813797	0.15914437174797058	0.17131885886192322	0.17155171930789948	0.15861330926418304	0.233311265707016	0.21488317847251892	0.1587800830602646	0.17414280772209167	0.2283022701740265
0.24036096036434174	0.21382035315036774	0.25557851791381836	0.2498980164527893	0.2844216525554657	0.21201658248901367	0.23302802443504333	0.22553451359272003	0.24013817310333252	0.24412958323955536	0.2238587886095047	0.29779893159866333	0.2807442247867584	0.22518271207809448	0.24554617702960968	0.2957185208797455
0.2371906340122223	0.187562495470047	0.23799149692058563	0.25441035628318787	0.27283281087875366	0.21399269998073578	0.236677885055542	0.22700625658035278	0.24418650567531586	0.2425469011068344	0.20324796438217163	0.3008607029914856	0.26471781730651855	0.22692027688026428	0.24838116765022278	0.28443652391433716
0.23542140424251556	0.15168647468090057	0.1994144320487976	0.2695123851299286	0.2485341727733612	0.2346557378768921	0.255921334028244	0.2442498505115509	0.25712084770202637	0.24163803458213806	0.1696116328239441	0.31454288959503174	0.2303304672241211	0.24400398135185242	0.26452118158340454	0.25604239106178284
0.32387152314186096	0.18921083211898804	0.2798560559749603	0.3341321647167206	0.31818029284477234	0.3060373067855835	0.3158726990222931	0.30354005098342896	0.3262774348258972	0.3305259346961975	0.23629534244537354	0.3740440309047699	0.3059767186641693	0.30429935455322266	0.33420616388320923	0.3318658471107483
0.2532101571559906	0.10788176208734512	0.2080819457769394	0.25734755396842957	0.24162454903125763	0.2386150360107422	0.2504822909832001	0.24294684827327728	0.24622808396816254	0.26059049367904663	0.16741758584976196	0.29779052734375	0.23135216534137726	0.24450379610061646	0.2656729519367218	0.24418698251247406
0.23647473752498627	0.10447996854782104	0.18641126155853271	0.25522613525390625	0.2258819192647934	0.23535887897014618	0.25229766964912415	0.24562515318393707	0.2439548373222351	0.2450476437807083	0.15479716658592224	0.2970599830150604	0.21165786683559418	0.24670913815498352	0.26113471388816833	0.22530733048915863
0.2079353630542755	0.054891716688871384	0.13977064192295074	0.22586305439472198	0.17870193719863892	0.1919439285993576	0.22142183780670166	0.216142475605011	0.21475453674793243	0.2228749692440033	0.10321216285228729	0.2643125355243683	0.15981382131576538	0.21734049916267395	0.22544845938682556	0.1820380687713623
0.300836443901062	0.1356581598520279	0.2562926113605499	0.28893065452575684	0.27965959906578064	0.263548344373703	0.27638113498687744	0.27041536569595337	0.28603869676589966	0.31008198857307434	0.20748859643936157	0.33219313621520996	0.27171579003334045	0.27278512716293335	0.2967035472393036	0.29029351472854614
0.31442639231681824	0.1414927840232849	0.26824307441711426	0.30548807978630066	0.2926449179649353	0.2774379849433899	0.29469239711761475	0.2877974510192871	0.3041287362575531	0.3261043429374695	0.21858561038970947	0.34656354784965515	0.2830558121204376	0.2909289300441742	0.3162809908390045	0.2985842823982239
0.24281065165996552	0.08187197148799896	0.18605469167232513	0.24083025753498077	0.21538326144218445	0.22441230714321136	0.2357514351606369	0.22925159335136414	0.2370690554380417	0.25225794315338135	0.15116554498672485	0.28868672251701355	0.2042686641216278	0.23136694729328156	0.25112229585647583	0.2206031084060669
0.21996964514255524	0.05845597758889198	0.14381000399589539	0.23056305944919586	0.1772456169128418	0.19489695131778717	0.2251461297273636	0.21830573678016663	0.22495271265506744	0.2329760640859604	0.10851140320301056	0.27569854259490967	0.1609552651643753	0.22013063728809357	0.2337322235107422	0.1834840476512909
0.18240100145339966	0.014855844900012016	0.1149182841181755	0.18456247448921204	0.14195942878723145	0.1482030600309372	0.1773994266986847	0.1699884682893753	0.18289615213871002	0.19738981127738953	0.0736604854464531	0.2335997223854065	0.1301901638507843	0.17254891991615295	0.18656998872756958	0.15212702751159668
0.24151931703090668	0.07191511243581772	0.18931929767131805	0.2387734204530716	0.21650423109531403	0.21211157739162445	0.22863487899303436	0.22044625878334045	0.23623725771903992	0.25194478034973145	0.14482001960277557	0.2856605648994446	0.209420308470726	0.2231515645980835	0.24306151270866394	0.2272457778453827
0.24481333792209625	0.09187597781419754	0.2040562927722931	0.23377826809883118	0.22513143718242645	0.21017718315124512	0.22478337585926056	0.21874557435512543	0.23204125463962555	0.25395992398262024	0.16199693083763123	0.28206300735473633	0.2223515510559082	0.22132082283496857	0.2401229739189148	0.23556382954120636
0.16712401807308197	0.011280902661383152	0.10493098199367523	0.1676022708415985	0.12634092569351196	0.12958276271820068	0.16348402202129364	0.15857531130313873	0.1672602742910385	0.1831308752298355	0.06636056303977966	0.2182210236787796	0.11763354390859604	0.16109204292297363	0.17015321552753448	0.13470640778541565
0.23936951160430908	0.09062163531780243	0.17431055009365082	0.24786224961280823	0.20152808725833893	0.1988835632801056	0.23224109411239624	0.22209550440311432	0.25122255086898804	0.2549467980861664	0.13266095519065857	0.2981177270412445	0.18997086584568024	0.22388915717601776	0.2416618913412094	0.22148166596889496
0.2376740723848343	0.1327652782201767	0.2032007873058319	0.23017090559005737	0.21585029363632202	0.18223971128463745	0.21599026024341583	0.20971882343292236	0.23498372733592987	0.25193142890930176	0.16778306663036346	0.28281867504119873	0.21385814249515533	0.21097739040851593	0.22627100348472595	0.23550845682621002
0.4178737699985504	0.28747090697288513	0.37260615825653076	0.3940555155277252	0.39298292994499207	0.3810400068759918	0.38809525966644287	0.3791660666465759	0.4011521637439728	0.43056321144104004	0.3419898450374603	0.4354003667831421	0.38923802971839905	0.38078153133392334	0.3995763957500458	0.4118959903717041
0.1942090541124344	0.03152376040816307	0.12103184312582016	0.16822081804275513	0.13937699794769287	0.14567603170871735	0.15940390527248383	0.14779530465602875	0.18062826991081238	0.20622414350509644	0.08860180526971817	0.234569251537323	0.13352225720882416	0.1486581712961197	0.17414337396621704	0.16403301060199738
0.1985272318124771	0.06770665943622589	0.15422260761260986	0.1832604557275772	0.18774348497390747	0.1777084469795227	0.174831360578537	0.16684801876544952	0.17317941784858704	0.224446102976799	0.12643837928771973	0.21541278064250946	0.16793666779994965	0.16662535071372986	0.17904385924339294	0.20967034995555878
0.18432727456092834	0.07326604425907135	0.16102898120880127	0.15720447897911072	0.17851297557353973	0.13915380835533142	0.14100702106952667	0.1338125765323639	0.15384213626384735	0.20586276054382324	0.1280253380537033	0.19718624651432037	0.16784262657165527	0.13441596925258636	0.15092098712921143	0.20511966943740845
0.1357896476984024	0.028306059539318085	0.1123514324426651	0.1116451844573021	0.12995697557926178	0.09471773356199265	0.0950331836938858	0.08761319518089294	0.10883566737174988	0.15939272940158844	0.08131145685911179	0.1548542082309723	0.118787981569767	0.08783818036317825	0.10326620936393738	0.15589530766010284
0.22025364637374878	0.12378206849098206	0.22630895674228668	0.18441224098205566	0.24115243554115295	0.1837320774793625	0.1623838096857071	0.15431123971939087	0.18166905641555786	0.23742182552814484	0.19238066673278809	0.2260560691356659	0.23681855201721191	0.1544506996870041	0.1800529956817627	0.2683390974998474
0.2268114686012268	0.1306549608707428	0.23422537744045258	0.1842031329870224	0.2481776773929596	0.18468663096427917	0.16317865252494812	0.15527915954589844	0.18207940459251404	0.2423742711544037	0.19907473027706146	0.22702541947364807	0.24411654472351074	0.1557409018278122	0.18297532200813293	0.2774084210395813
0.23773188889026642	0.14508086442947388	0.2322487086057663	0.21261665225028992	0.25111573934555054	0.20612110197544098	0.19481191039085388	0.18755193054676056	0.20627164840698242	0.2537744641304016	0.20227104425430298	0.25147759914398193	0.24295742809772491	0.1875130534172058	0.2088286280632019	0.2743816077709198
0.22172915935516357	0.10684476047754288	0.20516948401927948	0.22571736574172974	0.21675527095794678	0.17848823964595795	0.20615531504154205	0.1971001923084259	0.2218097746372223	0.24666552245616913	0.16312503814697266	0.26036277413368225	0.20383383333683014	0.19781264662742615	0.2123561054468155	0.24112169444561005
0.23188380897045135	0.15468092262744904	0.2342897355556488	0.24536916613578796	0.24635478854179382	0.17640365660190582	0.22248481214046478	0.2162669152021408	0.23886093497276306	0.2512687146663666	0.19222651422023773	0.28176599740982056	0.24514669179916382	0.21658477187156677	0.22641180455684662	0.26501330733299255
0.22464410960674286	0.12717284262180328	0.21278320252895355	0.24847255647182465	0.2277260571718216	0.16554194688796997	0.22225446999073029	0.21443161368370056	0.24066002666950226	0.24798381328582764	0.16757279634475708	0.2801402807235718	0.22428376972675323	0.21517710387706757	0.2215171605348587	0.24888040125370026
0.23265264928340912	0.12426789849996567	0.2164887636899948	0.2498360127210617	0.23502923548221588	0.17371603846549988	0.22339607775211334	0.21444545686244965	0.23954521119594574	0.25400155782699585	0.17021192610263824	0.27942872047424316	0.23135340213775635	0.21542422473430634	0.22440481185913086	0.25863462686538696
0.33166584372520447	0.1554371565580368	0.2585086524486542	0.3739398121833801	0.28102871775627136	0.2924582064151764	0.35609427094459534	0.33457452058792114	0.3650388717651367	0.3418642282485962	0.21179787814617157	0.4066438674926758	0.27506589889526367	0.33798664808273315	0.35666921734809875	0.30878543853759766
0.21057912707328796	0.07984945178031921	0.1886507123708725	0.2608206570148468	0.22894716262817383	0.22362548112869263	0.2473009079694748	0.233206108212471	0.2353259027004242	0.24010644853115082	0.14300185441970825	0.26927870512008667	0.21439224481582642	0.2353392094373703	0.21906960010528564	0.25852450728416443
0.2164900004863739	0.09482404589653015	0.2326069325208664	0.2578529715538025	0.27229490876197815	0.2355041652917862	0.2387619912624359	0.2346981167793274	0.21533454954624176	0.2561196982860565	0.17516633868217468	0.2347830832004547	0.2593098282814026	0.23569749295711517	0.1959148347377777	0.30172502994537354
0.22696983814239502	0.13027431070804596	0.2673635482788086	0.24899204075336456	0.31045520305633545	0.2593960762023926	0.22948911786079407	0.22686339914798737	0.2043168544769287	0.26127567887306213	0.21511822938919067	0.22693733870983124	0.30312100052833557	0.22747808694839478	0.19035644829273224	0.3387746512889862
0.24034036695957184	0.2252112478017807	0.34729185700416565	0.20589782297611237	0.35162627696990967	0.25516754388809204	0.18061287701129913	0.19192945957183838	0.16386835277080536	0.2877763509750366	0.28941965103149414	0.1689467430114746	0.35753926634788513	0.19179397821426392	0.15811900794506073	0.38979408144950867
0.282875120639801	0.2153458446264267	0.347931444644928	0.26492810249328613	0.3699003756046295	0.30391669273376465	0.24550287425518036	0.25158408284187317	0.22265632450580597	0.31552237272262573	0.2857724130153656	0.23799243569374084	0.37383997440338135	0.25168347358703613	0.22026583552360535	0.40136438608169556
0.282875120639801	0.2153458446264267	0.347931444644928	0.26492810249328613	0.3699003756046295	0.30391669273376465	0.24550287425518036	0.25158408284187317	0.22265632450580597	0.31552237272262573	0.2857724130153656	0.23799243569374084	0.37383997440338135	0.25168347358703613	0.22026583552360535	0.40136438608169556
0.24034036695957184	0.2252112478017807	0.34729185700416565	0.20589782297611237	0.35162627696990967	0.25516754388809204	0.18061287701129913	0.19192945957183838	0.16386835277080536	0.2877763509750366	0.28941965103149414	0.1689467430114746	0.35753926634788513	0.19179397821426392	0.15811900794506073	0.38979408144950867
0.20443016290664673	0.18430449068546295	0.29269713163375854	0.16170501708984375	0.2899821698665619	0.20677858591079712	0.1424902081489563	0.15493148565292358	0.1239296942949295	0.25650638341903687	0.23118269443511963	0.13015757501125336	0.29359495639801025	0.15437272191047668	0.12353431433439255	0.32363665103912354
0.13899065554141998	0.14179827272891998	0.27090615034103394	0.02849152311682701	0.23590625822544098	0.08961540460586548	0.00237466162070632	0.030085571110248566	0.0	0.2063637375831604	0.20033881068229675	0.0	0.25243449211120605	0.029066041111946106	0.0	0.2640397846698761
0.24584822356700897	0.17378969490528107	0.3202612102031708	0.09081747382879257	0.25495314598083496	0.11255824565887451	0.05905429273843765	0.08646058291196823	0.07189613580703735	0.29651904106140137	0.2387993186712265	0.07727321982383728	0.2884950637817383	0.08655928820371628	0.07968204468488693	0.28929150104522705
0.2733977437019348	0.22424790263175964	0.3222466707229614	0.12029595673084259	0.23938894271850586	0.10420241206884384	0.08401662856340408	0.10795708745718002	0.11081201583147049	0.313516229391098	0.22654035687446594	0.12893639504909515	0.27239418029785156	0.10686659067869186	0.12589691579341888	0.2791723608970642
0.26783639192581177	0.25900891423225403	0.28870511054992676	0.10201141238212585	0.19216641783714294	0.08196741342544556	0.0685703456401825	0.08784668147563934	0.12657533586025238	0.2957087457180023	0.2222459614276886	0.16217206418514252	0.2296304851770401	0.08749674260616302	0.13955892622470856	0.22782643139362335
0.21148018538951874	0.19176752865314484	0.209347203373909	0.08507604151964188	0.1293296068906784	0.03281497582793236	0.05064001306891441	0.06193452700972557	0.11345254629850388	0.24191246926784515	0.15986688435077667	0.15656022727489471	0.15531717240810394	0.062060654163360596	0.10985023528337479	0.15895895659923553
0.2647435665130615	0.1826709657907486	0.21820653975009918	0.16591034829616547	0.16661688685417175	0.10333873331546783	0.13804344832897186	0.1415267437696457	0.19235026836395264	0.27563250064849854	0.1658180207014084	0.24870648980140686	0.18882028758525848	0.14179255068302155	0.1928475946187973	0.18761685490608215
0.30797210335731506	0.2525220513343811	0.30378633737564087	0.21015354990959167	0.25733208656311035	0.1627388447523117	0.17619310319423676	0.1793387234210968	0.23258553445339203	0.31202277541160583	0.2545473575592041	0.28838011622428894	0.2839201092720032	0.1797681748867035	0.23041826486587524	0.2836818993091583
0.31628260016441345	0.28828245401382446	0.31066522002220154	0.2633793354034424	0.28408724069595337	0.2052384316921234	0.23048830032348633	0.23217490315437317	0.277984082698822	0.31768256425857544	0.26751604676246643	0.3349757194519043	0.2995123863220215	0.23058608174324036	0.2703922986984253	0.3097597062587738
0.30168241262435913	0.29401737451553345	0.3110964596271515	0.2688765227794647	0.2963297963142395	0.2158476859331131	0.23661336302757263	0.23629748821258545	0.28056204319000244	0.3052528202533722	0.27220073342323303	0.3379145860671997	0.30239802598953247	0.23420992493629456	0.27218273282051086	0.3192160725593567
0.3079074025154114	0.30111661553382874	0.3206161856651306	0.27821221947669983	0.30823612213134766	0.22491371631622314	0.24555543065071106	0.24551065266132355	0.288930207490921	0.31129640340805054	0.2801623046398163	0.3456197679042816	0.3136569559574127	0.24362397193908691	0.2802267372608185	0.32908326387405396
0.35094860196113586	0.32493212819099426	0.33822256326675415	0.33295726776123047	0.332048237323761	0.2648789584636688	0.30003246665000916	0.29983875155448914	0.34382113814353943	0.34748080372810364	0.2990967333316803	0.4049087166786194	0.3319470286369324	0.297778844833374	0.3369620442390442	0.3439410924911499
0.3403245508670807	0.30741631984710693	0.3490407466888428	0.31181207299232483	0.34579047560691833	0.27251896262168884	0.2800024449825287	0.2827930748462677	0.32371288537979126	0.34306788444519043	0.32060760259628296	0.37515783309936523	0.35217204689979553	0.28193676471710205	0.31272801756858826	0.35330089926719666
0.33753883838653564	0.30355167388916016	0.34677502512931824	0.30917632579803467	0.34402966499328613	0.2704710066318512	0.2776615619659424	0.280148446559906	0.3205359876155853	0.3405076861381531	0.31787872314453125	0.37187519669532776	0.35038161277770996	0.2793132960796356	0.3099292516708374	0.3520873486995697
0.3235584497451782	0.2603965997695923	0.32407188415527344	0.30652064085006714	0.3337056636810303	0.2673306465148926	0.2789294123649597	0.2768244743347168	0.30847400426864624	0.32457563281059265	0.2880304753780365	0.36227476596832275	0.3360053598880768	0.276147723197937	0.3046620190143585	0.34501582384109497
0.31200647354125977	0.23694700002670288	0.3091542422771454	0.3005286157131195	0.3248364329338074	0.2612386643886566	0.27510619163513184	0.2710059583187103	0.2982451915740967	0.3122088313102722	0.26990389823913574	0.3534936308860779	0.3248780071735382	0.2703893184661865	0.2978411614894867	0.33742913603782654
0.3153250515460968	0.23284092545509338	0.30781272053718567	0.30583325028419495	0.3255380094051361	0.2656932473182678	0.2813962399959564	0.2747119963169098	0.3024524748325348	0.31659314036369324	0.2688429653644562	0.3568798303604126	0.3255966305732727	0.27425268292427063	0.3010800778865814	0.3387485146522522
0.31522026658058167	0.233084574341774	0.3078653812408447	0.3060351610183716	0.32556965947151184	0.2656747102737427	0.2816195487976074	0.2749238610267639	0.30268749594688416	0.3165370225906372	0.2690022587776184	0.3570426404476166	0.3255647122859955	0.2744751274585724	0.301174134016037	0.3388356566429138
0.31694498658180237	0.2344299852848053	0.30866730213165283	0.30873626470565796	0.3266773819923401	0.26752713322639465	0.28432995080947876	0.2775496244430542	0.3053525686264038	0.3180358409881592	0.2699895203113556	0.35985711216926575	0.326385498046875	0.27710533142089844	0.30366894602775574	0.3396628499031067
0.33770105242729187	0.2433975487947464	0.3245179057121277	0.33311814069747925	0.34081318974494934	0.28115665912628174	0.3056662380695343	0.2980453073978424	0.32519611716270447	0.34255605936050415	0.282886803150177	0.37485307455062866	0.3390926420688629	0.2974878251552582	0.32291102409362793	0.3556140959262848
0.33574172854423523	0.2347802370786667	0.31791236996650696	0.3320435881614685	0.3350858986377716	0.27723902463912964	0.3027936518192291	0.29492098093032837	0.32256728410720825	0.3422529399394989	0.2753775417804718	0.3710920214653015	0.3320254683494568	0.2943456470966339	0.32051658630371094	0.34998634457588196
0.338711142539978	0.23585698008537292	0.3190627694129944	0.33588287234306335	0.33656787872314453	0.2797577977180481	0.3064187169075012	0.298416405916214	0.32607993483543396	0.3451273739337921	0.27640974521636963	0.3745960295200348	0.33311355113983154	0.29782915115356445	0.324019193649292	0.3511834740638733
0.3439032733440399	0.24504244327545166	0.3300681710243225	0.3407594561576843	0.34730613231658936	0.28400638699531555	0.31077486276626587	0.30258315801620483	0.3313896358013153	0.35209226608276367	0.286569744348526	0.37734395265579224	0.3446636497974396	0.302173376083374	0.3289491832256317	0.3603595197200775
0.341211199760437	0.2790483236312866	0.35944032669067383	0.3260583281517029	0.3722042441368103	0.2886233925819397	0.2983861565589905	0.29367074370384216	0.32072973251342773	0.3525449335575104	0.31944191455841064	0.36299630999565125	0.37251901626586914	0.29352957010269165	0.3183472752571106	0.38474252820014954
0.32013267278671265	0.2675406336784363	0.36179375648498535	0.2891196012496948	0.3705020546913147	0.26964396238327026	0.260582834482193	0.25484004616737366	0.28177475929260254	0.33697688579559326	0.318093866109848	0.3182666003704071	0.3754737377166748	0.25527989864349365	0.2804209291934967	0.3929893970489502
0.32239243388175964	0.27013781666755676	0.36492204666137695	0.29109296202659607	0.37358909845352173	0.27183330059051514	0.262367844581604	0.25659066438674927	0.283506840467453	0.3396061956882477	0.3210654854774475	0.31945496797561646	0.37853169441223145	0.25706416368484497	0.282154381275177	0.3961219787597656
0.3318133056163788	0.27127060294151306	0.36451810598373413	0.30308735370635986	0.3742782771587372	0.27919456362724304	0.27456867694854736	0.26839518547058105	0.2958678603172302	0.34771063923835754	0.32189661264419556	0.33284837007522583	0.3776289224624634	0.2687906324863434	0.2948494553565979	0.3954753875732422
0.38008299469947815	0.3529036045074463	0.417031854391098	0.35566577315330505	0.42896124720573425	0.3268531262874603	0.32781681418418884	0.32188287377357483	0.3558882176876068	0.3870762288570404	0.3859221637248993	0.3987703323364258	0.42735815048217773	0.32122355699539185	0.354050874710083	0.440046101808548
0.37974846363067627	0.36436888575553894	0.42303651571273804	0.3537626266479492	0.43287134170532227	0.32547569274902344	0.32507097721099854	0.3218481242656708	0.35554277896881104	0.38540583848953247	0.3924649655818939	0.39926403760910034	0.43045538663864136	0.3209987282752991	0.3548825681209564	0.4426589608192444
0.38568729162216187	0.37276071310043335	0.4301488995552063	0.3596229553222656	0.43997806310653687	0.3311389684677124	0.3306918144226074	0.3275710344314575	0.3616121709346771	0.39118584990501404	0.400083065032959	0.4050690829753876	0.4371293783187866	0.32669365406036377	0.3609854578971863	0.4491422772407532
0.38568729162216187	0.37276071310043335	0.4301488995552063	0.3596229553222656	0.43997806310653687	0.3311389982700348	0.3306918144226074	0.3275710642337799	0.3616122007369995	0.39118584990501404	0.400083065032959	0.4050690829753876	0.4371293783187866	0.32669365406036377	0.3609854578971863	0.44914230704307556
0.376628041267395	0.3939912021160126	0.436441034078598	0.3443089425563812	0.4473603367805481	0.3331497609615326	0.32115378975868225	0.3197086751461029	0.35487276315689087	0.3746069669723511	0.4127664566040039	0.4054400622844696	0.4469389021396637	0.31893229484558105	0.3548736274242401	0.4524301290512085
0.38747677206993103	0.4112211763858795	0.45042863488197327	0.3543720841407776	0.46165722608566284	0.3448375463485718	0.33122894167900085	0.3301176130771637	0.3661184310913086	0.3844209909439087	0.4280194938182831	0.41673544049263	0.46060067415237427	0.3292938470840454	0.36613771319389343	0.46558114886283875
