EC:7.1.1.2	EC:7.1.1.-	EC:2.4.1.-	GO:0015267	GO:0005215	GO:0015075	GO:0022890	GO:0022857	GO:0008324	GO:0005216	GO:0015318	GO:0022803
0.4658970236778259	0.4900738298892975	0.5460563898086548	0.03771441429853439	0.03982233256101608	0.04745650663971901	0.4949544072151184	0.04016195610165596	0.521551251411438	0.020868925377726555	0.14969958364963531	0.039661772549152374
0.450503408908844	0.4904631972312927	0.6022824645042419	0.11537014693021774	0.0766851007938385	0.08359071612358093	0.527033805847168	0.07660304009914398	0.555009126663208	0.10646707564592361	0.16958211362361908	0.11721280217170715
0.38193947076797485	0.4042387008666992	0.6269188523292542	0.18305647373199463	0.09116924554109573	0.0981215238571167	0.5546081066131592	0.08792479336261749	0.5902918577194214	0.176154226064682	0.19946256279945374	0.18586072325706482
0.28307411074638367	0.35211625695228577	0.7333511710166931	0.21788261830806732	0.12934423983097076	0.1304263025522232	0.5396593809127808	0.1305868774652481	0.5964850187301636	0.19682438671588898	0.21150225400924683	0.22160673141479492
0.2549577057361603	0.38168030977249146	0.8335475921630859	0.21340550482273102	0.1370490938425064	0.13537278771400452	0.4988994002342224	0.13635289669036865	0.5504593849182129	0.18316352367401123	0.20031282305717468	0.21668972074985504
0.30180883407592773	0.45307043194770813	0.8383368253707886	0.24634887278079987	0.1632772982120514	0.1655624806880951	0.5447390079498291	0.15996161103248596	0.5775945782661438	0.21787968277931213	0.2429727166891098	0.24898484349250793
0.2380337417125702	0.3988930881023407	0.8564437627792358	0.23784708976745605	0.15998148918151855	0.14912277460098267	0.39878588914871216	0.15547825396060944	0.4536273777484894	0.1900099366903305	0.18840008974075317	0.2413598895072937
0.16992509365081787	0.2725883722305298	0.915529191493988	0.24307464063167572	0.13817596435546875	0.11794596910476685	0.252975732088089	0.13753366470336914	0.2916005253791809	0.19152748584747314	0.13966864347457886	0.24705249071121216
0.24037884175777435	0.359442800283432	0.9203696846961975	0.14621421694755554	0.11562256515026093	0.09544491022825241	0.22652244567871094	0.10908305644989014	0.24469320476055145	0.10507690161466599	0.10318198055028915	0.1483990103006363
0.3202171325683594	0.5479487776756287	0.7625246047973633	0.18490570783615112	0.23335200548171997	0.22415028512477875	0.3195693790912628	0.2300233542919159	0.3696965277194977	0.13282182812690735	0.1966371387243271	0.18740160763263702
0.24512089788913727	0.4393117129802704	0.7285231947898865	0.05951734632253647	0.0753600001335144	0.05070814490318298	0.17102381587028503	0.0682263970375061	0.17098234593868256	0.01233095582574606	0.04602733999490738	0.06115860119462013
0.21203874051570892	0.38695859909057617	0.7527208924293518	0.0922316387295723	0.0869554653763771	0.06585685908794403	0.17449460923671722	0.08065669238567352	0.175514355301857	0.04770435765385628	0.06506295502185822	0.09425220638513565
0.28728020191192627	0.5780677795410156	0.5997813940048218	0.20567834377288818	0.2421495020389557	0.23167704045772552	0.23952490091323853	0.2396983504295349	0.285082072019577	0.15135391056537628	0.19121496379375458	0.20830433070659637
0.30300232768058777	0.574153482913971	0.5558924078941345	0.19159339368343353	0.19476795196533203	0.17992588877677917	0.1410011351108551	0.1917986273765564	0.16603046655654907	0.1341037154197693	0.12941521406173706	0.19384600222110748
0.32240617275238037	0.590775728225708	0.4715183675289154	0.10196143388748169	0.07199547439813614	0.040509723126888275	0.0	0.06668900698423386	0.0	0.04733722284436226	0.0	0.1041056290268898
0.34267163276672363	0.6359534859657288	0.4321749806404114	0.16675156354904175	0.1391678750514984	0.12196069210767746	0.10523462295532227	0.1365964114665985	0.12695543467998505	0.10866129398345947	0.08024024218320847	0.16911114752292633
0.525054395198822	0.7765200734138489	0.2755286991596222	0.23463431000709534	0.2118794471025467	0.20233118534088135	0.1444115936756134	0.20941396057605743	0.19428522884845734	0.17820729315280914	0.15569186210632324	0.23782646656036377
0.5597350597381592	0.7805188298225403	0.13983282446861267	0.2487918734550476	0.21404783427715302	0.20118488371372223	0.16583214700222015	0.21142007410526276	0.20292025804519653	0.19085784256458282	0.15866531431674957	0.25216564536094666
0.5596234202384949	0.8519021272659302	0.07735547423362732	0.25906452536582947	0.23303602635860443	0.22181221842765808	0.25205838680267334	0.23270578682422638	0.2945622205734253	0.21425765752792358	0.18987326323986053	0.2621878981590271
0.7134494781494141	0.9750176668167114	0.018657099455595016	0.32474249601364136	0.26983800530433655	0.28076326847076416	0.3565097153186798	0.2737025022506714	0.4218716621398926	0.30118298530578613	0.2717648446559906	0.328767865896225
0.7406054735183716	1.0	0.0	0.4054281711578369	0.2569837272167206	0.26837167143821716	0.41627204418182373	0.2596653699874878	0.47262459993362427	0.38364237546920776	0.3065197467803955	0.4102132022380829
0.5802157521247864	0.8180542588233948	0.16286806762218475	0.47561439871788025	0.2664926052093506	0.2688620090484619	0.4524819254875183	0.2671164274215698	0.4994731843471527	0.44993263483047485	0.32383403182029724	0.4803210496902466
0.6028012633323669	0.8658779859542847	0.07213810086250305	0.436043918132782	0.2746123969554901	0.28000572323799133	0.5086905360221863	0.27882084250450134	0.5647203922271729	0.4231550097465515	0.3344155550003052	0.440397709608078
0.7197465896606445	0.8723011612892151	0.14344802498817444	0.42426273226737976	0.23715204000473022	0.24955913424491882	0.5491778254508972	0.2404339760541916	0.6105481386184692	0.42089614272117615	0.3298068642616272	0.42872318625450134
0.7088803648948669	0.8545387387275696	0.16684532165527344	0.414131224155426	0.22438068687915802	0.23627275228500366	0.5560508966445923	0.2278827428817749	0.6171170473098755	0.4114009439945221	0.3208317160606384	0.4186239540576935
0.6297581791877747	0.7894461154937744	0.2496916651725769	0.3656352162361145	0.25993868708610535	0.27265551686286926	0.6916475296020508	0.26275381445884705	0.7528625130653381	0.36761242151260376	0.3623436391353607	0.36945468187332153
0.5865058898925781	0.7488500475883484	0.25645220279693604	0.3801513910293579	0.2786037027835846	0.2868828773498535	0.6644191145896912	0.2814722955226898	0.7317831516265869	0.37559956312179565	0.3618260622024536	0.3843174874782562
0.6494722962379456	0.8142977952957153	0.19397518038749695	0.33775588870048523	0.21449081599712372	0.21696080267429352	0.512760579586029	0.2155994325876236	0.5793013572692871	0.32596343755722046	0.27404075860977173	0.341788649559021
0.5693516135215759	0.7236678004264832	0.33484041690826416	0.36228039860725403	0.22245928645133972	0.2266351729631424	0.6505935192108154	0.22462677955627441	0.7177900671958923	0.35662877559661865	0.31841740012168884	0.36665746569633484
0.5327346920967102	0.6264972686767578	0.41801708936691284	0.3610960841178894	0.16964222490787506	0.16345591843128204	0.6331070065498352	0.17138037085533142	0.6884827017784119	0.33811599016189575	0.2861381471157074	0.3655831217765808
0.35157275199890137	0.47657355666160583	0.37666556239128113	0.3325314521789551	0.1739870309829712	0.17205491662025452	0.642156183719635	0.17643633484840393	0.6885056495666504	0.3113495111465454	0.27853259444236755	0.3367738723754883
0.35842636227607727	0.42524269223213196	0.48400187492370605	0.40085569024086	0.2512929439544678	0.2555569112300873	0.6783508062362671	0.2552548944950104	0.7242249846458435	0.38726502656936646	0.3679868280887604	0.4055713415145874
0.43828728795051575	0.4762798547744751	0.5231962203979492	0.4583950638771057	0.22071346640586853	0.21424442529678345	0.6654525995254517	0.22040970623493195	0.6997051239013672	0.4390200972557068	0.3572677671909332	0.46323442459106445
0.37295252084732056	0.3975884020328522	0.5241687297821045	0.4823899567127228	0.2556972801685333	0.2599664032459259	0.6759474873542786	0.2575993537902832	0.7110440135002136	0.47366324067115784	0.40079405903816223	0.4879351258277893
0.281690776348114	0.2657220661640167	0.5327378511428833	0.4899049699306488	0.28122678399086	0.29122185707092285	0.6897087097167969	0.2851307988166809	0.7255116105079651	0.4898867905139923	0.4199422597885132	0.49493053555488586
0.38600003719329834	0.3856617212295532	0.5383762121200562	0.6204383373260498	0.42055973410606384	0.4318459630012512	0.7462084889411926	0.4223610460758209	0.7914403676986694	0.6274042129516602	0.531111478805542	0.6252604722976685
0.37996646761894226	0.37835827469825745	0.5539169907569885	0.6374390125274658	0.48509007692337036	0.4995541572570801	0.7389196157455444	0.48598501086235046	0.7824575901031494	0.6463847756385803	0.5728073716163635	0.641726016998291
0.3136579096317291	0.28508222103118896	0.6263574361801147	0.7431766390800476	0.49315744638442993	0.5093840956687927	0.741253137588501	0.4993494153022766	0.7959599494934082	0.7472797632217407	0.6090975403785706	0.749370813369751
0.38733112812042236	0.35042139887809753	0.6276080012321472	0.7193129658699036	0.5131575465202332	0.5212016105651855	0.7181325554847717	0.5166053771972656	0.771976113319397	0.7206639647483826	0.5972908139228821	0.7246673107147217
0.5743449330329895	0.5756988525390625	0.6122015118598938	0.7831986546516418	0.6107267141342163	0.6042518019676208	0.7076320052146912	0.6050564050674438	0.7329196333885193	0.7802416682243347	0.6525327563285828	0.7864664793014526
0.4979456663131714	0.47433388233184814	0.6602808833122253	0.8038586974143982	0.5925793051719666	0.5900922417640686	0.7150555849075317	0.5882622003555298	0.7373290657997131	0.8050519824028015	0.6571632027626038	0.807503879070282
0.5552542209625244	0.5565772652626038	0.5981258153915405	0.9182533025741577	0.6740420460700989	0.660937488079071	0.8256772756576538	0.6733826398849487	0.8434224128723145	0.8979541063308716	0.7531735301017761	0.921876072883606
0.6781626343727112	0.6558704972267151	0.49945300817489624	0.9812873005867004	0.8817245364189148	0.8785150647163391	0.9142401814460754	0.8819183111190796	0.9169312119483948	0.9759650230407715	0.913852870464325	0.9823477268218994
0.8195616006851196	0.7703024744987488	0.2995384931564331	1.0	1.0	1.0	1.0	1.0	1.0	1.0	1.0	1.0
0.7620765566825867	0.7767593264579773	0.3945201635360718	0.8750879764556885	0.8909028768539429	0.867753803730011	0.9004495739936829	0.8953917622566223	0.9171218276023865	0.8264763951301575	0.8680623769760132	0.8748684525489807
0.7988543510437012	0.8122066259384155	0.3750649094581604	0.9148604869842529	0.8556362390518188	0.8264528512954712	0.8779672384262085	0.8555544018745422	0.8789568543434143	0.8658688068389893	0.8512179851531982	0.9144476652145386
0.9371878504753113	0.8550634384155273	0.27912789583206177	0.7688351273536682	0.9504452347755432	0.9383999109268188	0.9418732523918152	0.9522035121917725	0.9732424020767212	0.7236376404762268	0.8926361203193665	0.7667500972747803
0.9027732014656067	0.8906657695770264	0.38783207535743713	0.7092481851577759	0.8350269198417664	0.8128839135169983	0.8994971513748169	0.8358386754989624	0.9236287474632263	0.6488361358642578	0.7976313829421997	0.7075388431549072
0.8675116300582886	0.867241621017456	0.40138161182403564	0.6018214225769043	0.8242687582969666	0.8036924004554749	0.9359177947044373	0.8264246582984924	0.961976945400238	0.5476807951927185	0.7813381552696228	0.5990971326828003
0.8835085034370422	0.7525572776794434	0.2953869104385376	0.5114126801490784	0.8699514865875244	0.8502482771873474	0.9257637858390808	0.8682985305786133	0.9404326677322388	0.4735690653324127	0.7901663780212402	0.5067667961120605
0.7848936915397644	0.6897756457328796	0.3007495701313019	0.3770503103733063	0.7444642782211304	0.7221704721450806	0.8491979241371155	0.7405666708946228	0.8602946400642395	0.3506861627101898	0.6708254218101501	0.372320294380188
0.6264023184776306	0.546666145324707	0.3785582184791565	0.28465282917022705	0.5764982104301453	0.5643967986106873	0.8083121180534363	0.5778034925460815	0.8389358520507812	0.25926724076271057	0.5460672974586487	0.28154581785202026
0.6129513382911682	0.505388081073761	0.34834688901901245	0.2793637216091156	0.6119076013565063	0.6023823022842407	0.8319876790046692	0.6151834726333618	0.877520740032196	0.25394636392593384	0.5618336200714111	0.2758895754814148
0.4606154263019562	0.3209648132324219	0.3705419898033142	0.11788421869277954	0.4579113721847534	0.44674360752105713	0.6448271870613098	0.4595589339733124	0.7000477313995361	0.10455463826656342	0.3966461420059204	0.1152985468506813
0.4365236759185791	0.3315637707710266	0.4782816171646118	0.04525727033615112	0.3214326500892639	0.3146073520183563	0.6063205003738403	0.3206753432750702	0.689246654510498	0.03072512149810791	0.2777911424636841	0.04412885755300522
0.33949020504951477	0.2605143189430237	0.6700859069824219	0.07822850346565247	0.26261788606643677	0.2604905664920807	0.5404036045074463	0.2654114067554474	0.6194234490394592	0.06774231046438217	0.2440657764673233	0.07811246812343597
0.30969932675361633	0.19142702221870422	0.6686016321182251	0.0	0.19695031642913818	0.19686563313007355	0.521811842918396	0.1963382363319397	0.6086875200271606	0.0	0.17300015687942505	0.0
0.31029126048088074	0.22254137694835663	0.7479784488677979	0.025889214128255844	0.14351892471313477	0.13649380207061768	0.45366859436035156	0.14315244555473328	0.5290783643722534	0.02915799431502819	0.12937204539775848	0.026737278327345848
0.3496752083301544	0.3040917217731476	0.7449524402618408	0.14936041831970215	0.1217176765203476	0.11900383979082108	0.5008968710899353	0.12362343817949295	0.5686159729957581	0.14637352526187897	0.15605108439922333	0.1510315239429474
0.3448326885700226	0.3473885655403137	0.6989443302154541	0.26853662729263306	0.12124770134687424	0.11784620583057404	0.5042454600334167	0.12336301058530807	0.5627305507659912	0.25930166244506836	0.184149831533432	0.271226704120636
0.35481196641921997	0.382262647151947	0.7222278714179993	0.31205081939697266	0.10369598120450974	0.10119005292654037	0.4911401569843292	0.1045241430401802	0.5451838374137878	0.3022153079509735	0.1804102510213852	0.3152903616428375
0.33603715896606445	0.32187843322753906	0.64771568775177	0.41301655769348145	0.20037809014320374	0.20864367485046387	0.5769571661949158	0.20641635358333588	0.6398630738258362	0.38981470465660095	0.2898407280445099	0.4172416031360626
0.3716374337673187	0.40750953555107117	0.6142202019691467	0.45100370049476624	0.24670733511447906	0.24992339313030243	0.6583320498466492	0.25274255871772766	0.723781943321228	0.4148387908935547	0.3451754152774811	0.4549848437309265
0.3716374337673187	0.40750953555107117	0.6142202019691467	0.45100370049476624	0.24670733511447906	0.24992339313030243	0.6583320498466492	0.25274255871772766	0.723781943321228	0.4148387908935547	0.3451754152774811	0.4549848437309265
0.38213714957237244	0.4216810166835785	0.5443769693374634	0.4235766530036926	0.22806872427463531	0.22649551928043365	0.6421209573745728	0.23170247673988342	0.70479416847229	0.3771809935569763	0.3258018493652344	0.4275992214679718
0.33630314469337463	0.3398343324661255	0.5173816084861755	0.32363361120224	0.12546871602535248	0.11786678433418274	0.5372806787490845	0.12411642074584961	0.5869841575622559	0.2877567708492279	0.2173246592283249	0.3274344503879547
0.3129693865776062	0.2767968773841858	0.5271475315093994	0.15570801496505737	0.07143515348434448	0.07164818048477173	0.4903160333633423	0.06881506741046906	0.5383336544036865	0.1408073753118515	0.15220077335834503	0.15864239633083344
0.35454097390174866	0.39517831802368164	0.5521247982978821	0.28716427087783813	0.16529349982738495	0.15524962544441223	0.5514514446258545	0.16877678036689758	0.6290262341499329	0.23403312265872955	0.23380227386951447	0.29117751121520996
0.4039631485939026	0.44238460063934326	0.555823802947998	0.1932586282491684	0.12318363040685654	0.1180068776011467	0.53910893201828	0.12450951337814331	0.5940199494361877	0.16071125864982605	0.20286917686462402	0.1963137835264206
0.3738495111465454	0.3851475417613983	0.5583649277687073	0.11541128158569336	0.06943181157112122	0.07103685289621353	0.5169446468353271	0.06881904602050781	0.5550356507301331	0.10339070856571198	0.1586979180574417	0.1177021712064743
0.5312153697013855	0.4944985806941986	0.5997495055198669	0.08977676182985306	0.0	0.0	0.4677793085575104	0.0	0.48464280366897583	0.07635179162025452	0.12258961796760559	0.09232491254806519
0.6168044805526733	0.5385680198669434	0.6080363392829895	0.1012120470404625	0.0036522371228784323	0.0071716285310685635	0.4757480323314667	0.004558422602713108	0.49979737401008606	0.08254864066839218	0.13245916366577148	0.10407856851816177
0.7653018236160278	0.6317223310470581	0.6398160457611084	0.07392845302820206	0.032898858189582825	0.04573468118906021	0.496162474155426	0.03610778972506523	0.5239722728729248	0.0708698183298111	0.15033666789531708	0.07661911100149155
0.8724657297134399	0.6837128400802612	0.656711757183075	0.08803308010101318	0.05490951985120773	0.05888431891798973	0.44516992568969727	0.0565141923725605	0.4634321630001068	0.08255650848150253	0.1564241200685501	0.09063513576984406
0.8891476392745972	0.6914175748825073	0.6643979549407959	0.1576305329799652	0.09225807338953018	0.09482304751873016	0.45957207679748535	0.09528839588165283	0.4889114797115326	0.13681650161743164	0.19302402436733246	0.16095635294914246
0.8493402004241943	0.5810886025428772	0.768593966960907	0.17378993332386017	0.14739009737968445	0.14718493819236755	0.42304766178131104	0.15074509382247925	0.4529082477092743	0.15782806277275085	0.21881940960884094	0.17682941257953644
0.9207897186279297	0.6707302331924438	0.8625264167785645	0.17203660309314728	0.31865811347961426	0.34608206152915955	0.6231698989868164	0.33377233147621155	0.6493902206420898	0.1849237084388733	0.39762938022613525	0.17357295751571655
0.9229395389556885	0.6722091436386108	0.861223578453064	0.17468775808811188	0.3146273195743561	0.3386746942996979	0.5957255363464355	0.32988911867141724	0.6171085834503174	0.1840503066778183	0.392427921295166	0.17627887427806854
0.9968140721321106	0.7456957101821899	0.9210925102233887	0.18660306930541992	0.3328818678855896	0.36157968640327454	0.6381977796554565	0.3496868312358856	0.6635293364524841	0.19878815114498138	0.41947701573371887	0.188322052359581
1.0	0.7431499361991882	1.0	0.25440049171447754	0.37735041975975037	0.40882009267807007	0.6949784755706787	0.3921752870082855	0.7140296697616577	0.27543362975120544	0.4844394028186798	0.2566543221473694
0.8665767908096313	0.7468438744544983	0.9065876007080078	0.31915318965911865	0.41666436195373535	0.4548611342906952	0.7808804512023926	0.43066340684890747	0.8349084854125977	0.3499959707260132	0.5216089487075806	0.32203400135040283
0.8428535461425781	0.7481861710548401	0.899690568447113	0.3138241469860077	0.470004141330719	0.5115201473236084	0.8098098039627075	0.4849247932434082	0.8668102025985718	0.3449626564979553	0.5652183890342712	0.3164101541042328
0.634776771068573	0.6003825068473816	0.7731168866157532	0.4438782334327698	0.44628289341926575	0.48747122287750244	0.7602188587188721	0.45804810523986816	0.8314068913459778	0.463407039642334	0.5603468418121338	0.4489983022212982
0.3906615674495697	0.4179364740848541	0.8198906779289246	0.45478424429893494	0.3895128071308136	0.4121117889881134	0.6408911943435669	0.39491942524909973	0.69186931848526	0.4624350666999817	0.4796176254749298	0.4600076675415039
0.4130757749080658	0.41576269268989563	0.9493831396102905	0.520576000213623	0.3259546458721161	0.3474820852279663	0.6418089270591736	0.32817375659942627	0.6985979676246643	0.5210155248641968	0.47374576330184937	0.5272666215896606
0.39388352632522583	0.475261390209198	0.8815587162971497	0.5554635524749756	0.3475480079650879	0.3818148672580719	0.7348618507385254	0.3533305823802948	0.8025054931640625	0.565534234046936	0.5239306688308716	0.5629482865333557
0.1937946081161499	0.33816400170326233	0.801723837852478	0.5721980929374695	0.34951621294021606	0.3749215006828308	0.705980122089386	0.35254400968551636	0.759343147277832	0.5719587206840515	0.4943442642688751	0.5791958570480347
0.28232818841934204	0.4896738827228546	0.7270562648773193	0.652613639831543	0.26183366775512695	0.28369563817977905	0.6926031708717346	0.2617924213409424	0.7620545029640198	0.636838972568512	0.4573131501674652	0.6614886522293091
0.2796056866645813	0.4563732445240021	0.7474684119224548	0.6747980117797852	0.2618851959705353	0.2918386459350586	0.7317506670951843	0.26156941056251526	0.8089084029197693	0.6640788316726685	0.4774383008480072	0.6840685606002808
0.1840089112520218	0.38448894023895264	0.6003755927085876	0.7030684947967529	0.14451412856578827	0.15696966648101807	0.6033450365066528	0.13650330901145935	0.6755179762840271	0.6807052493095398	0.3722849488258362	0.7139509320259094
0.13750053942203522	0.34697139263153076	0.6286332011222839	0.6872773766517639	0.1993982195854187	0.2108527570962906	0.6151313781738281	0.1937759816646576	0.6947849988937378	0.6584511399269104	0.38240060210227966	0.6971626877784729
0.017880374565720558	0.1721620261669159	0.6035889983177185	0.7382013201713562	0.12969191372394562	0.1317610740661621	0.5222827196121216	0.1194244772195816	0.5792638659477234	0.6979565024375916	0.3334205746650696	0.7488299608230591
0.22562053799629211	0.4134445786476135	0.7081059217453003	0.6846893429756165	0.17012275755405426	0.176314577460289	0.5896444916725159	0.1635722517967224	0.6512091755867004	0.6566546559333801	0.3742525577545166	0.6946533918380737
0.2620784640312195	0.44799599051475525	0.5487714409828186	0.6342722773551941	0.2547532618045807	0.26131969690322876	0.5811961889266968	0.2508287727832794	0.6391016244888306	0.6046565175056458	0.4033817648887634	0.642585813999176
0.13476230204105377	0.3557736277580261	0.32987919449806213	0.6095007658004761	0.2973310649394989	0.31627827882766724	0.5582743287086487	0.29484274983406067	0.6187431216239929	0.5951782464981079	0.4071138799190521	0.6164766550064087
0.034196965396404266	0.22362512350082397	0.4863579273223877	0.6326831579208374	0.18891362845897675	0.19147413969039917	0.5627800226211548	0.17928709089756012	0.612127959728241	0.5948622822761536	0.33940690755844116	0.6414207220077515
0.19081789255142212	0.41771966218948364	0.6649245619773865	0.6239465475082397	0.28677597641944885	0.3096746504306793	0.71371990442276	0.28627124428749084	0.7756018042564392	0.6082953810691833	0.45780426263809204	0.6320810914039612
0.18987464904785156	0.4199858605861664	0.30531206727027893	0.46089041233062744	0.25146615505218506	0.26070794463157654	0.4667864441871643	0.24845914542675018	0.5039152503013611	0.43428075313568115	0.32455283403396606	0.4665350317955017
0.16415630280971527	0.34577319025993347	0.30392175912857056	0.4378325343132019	0.20525501668453217	0.2059331089258194	0.49371305108070374	0.2064637988805771	0.5304254293441772	0.40814971923828125	0.2975217401981354	0.44411614537239075
0.22533166408538818	0.3641509711742401	0.5736697912216187	0.3542588949203491	0.2206544727087021	0.23878753185272217	0.5912033915519714	0.2304927557706833	0.6049466729164124	0.3567143976688385	0.3414060175418854	0.35930266976356506
0.1165342628955841	0.30926385521888733	0.4985838234424591	0.26250696182250977	0.16244512796401978	0.1649102419614792	0.3161807954311371	0.1685628890991211	0.33830931782722473	0.23949502408504486	0.2040553092956543	0.2676541805267334
0.15698079764842987	0.294458270072937	0.6010271906852722	0.3027438223361969	0.09358728677034378	0.08065622299909592	0.3336082100868225	0.09794090688228607	0.36166271567344666	0.2669614851474762	0.1630263477563858	0.3088429570198059
0.06871277838945389	0.044082485139369965	0.595916211605072	0.4372285008430481	0.1694938987493515	0.17558231949806213	0.5115175247192383	0.178428515791893	0.540428638458252	0.42563390731811523	0.29800787568092346	0.4443298876285553
0.016273651272058487	0.0	0.6722983121871948	0.40464237332344055	0.052402134984731674	0.04700140282511711	0.4111742079257965	0.06056578457355499	0.4294061064720154	0.37517866492271423	0.19228646159172058	0.4118240475654602
0.0	0.0649527907371521	0.8077638149261475	0.3072293996810913	0.057451311498880386	0.04870487004518509	0.38299089670181274	0.06320487707853317	0.40132224559783936	0.27311888337135315	0.16678492724895477	0.31330981850624084
0.10790792107582092	0.09524055570363998	0.7530098557472229	0.5049047470092773	0.2266036570072174	0.22791971266269684	0.4826582670211792	0.23695418238639832	0.51170814037323	0.48861178755760193	0.34459078311920166	0.5119221210479736
0.09537127614021301	0.065187968313694	0.7334924936294556	0.45919767022132874	0.18879647552967072	0.18834765255451202	0.4482341706752777	0.20038296282291412	0.4841729700565338	0.4336870610713959	0.2959369421005249	0.4663100242614746
0.15762346982955933	0.13880832493305206	0.8169394135475159	0.4108320474624634	0.06359343975782394	0.05261027440428734	0.4074844419956207	0.07496455311775208	0.45425817370414734	0.3699515461921692	0.1999754011631012	0.41841647028923035
0.36563822627067566	0.3807756006717682	0.7970133423805237	0.5731101036071777	0.19692271947860718	0.16571591794490814	0.4080631732940674	0.20138609409332275	0.4443267285823822	0.5203770399093628	0.2917235791683197	0.5801342725753784
0.4067031145095825	0.42509588599205017	0.7422814965248108	0.6680405139923096	0.3779008686542511	0.356618732213974	0.5267577171325684	0.38380271196365356	0.5688881874084473	0.6293824911117554	0.4481232464313507	0.6743067502975464
0.358221173286438	0.4529079496860504	0.6952744722366333	0.6023409366607666	0.29672300815582275	0.2820878326892853	0.6280544996261597	0.3054814636707306	0.7110497355461121	0.529194176197052	0.39563247561454773	0.6089760661125183
0.39551034569740295	0.4749588966369629	0.6691707372665405	0.5254673957824707	0.2658696174621582	0.24830125272274017	0.6236464381217957	0.2711709141731262	0.6861680746078491	0.46002107858657837	0.36461248993873596	0.5308325290679932
0.6383999586105347	0.7518746256828308	0.5402966141700745	0.7667085528373718	0.618602454662323	0.5921180844306946	0.7715321183204651	0.6227121353149414	0.8091342449188232	0.6960147619247437	0.65070641040802	0.769333004951477
0.6397548317909241	0.7908199429512024	0.6039727330207825	0.6863240003585815	0.55084627866745	0.5242940187454224	0.7404854893684387	0.5539634823799133	0.7617315053939819	0.6171571612358093	0.5932347774505615	0.6879499554634094
0.3905641734600067	0.498508483171463	0.6060007214546204	0.4625379741191864	0.3096364438533783	0.2943498194217682	0.6457839012145996	0.3164083957672119	0.6882537007331848	0.4011804461479187	0.3876495361328125	0.4655444920063019
0.5233283042907715	0.5519883632659912	0.5706067681312561	0.4719139635562897	0.4787634611129761	0.47418859601020813	0.7811294794082642	0.484902560710907	0.8205887675285339	0.42964068055152893	0.5237619876861572	0.47252875566482544
0.726548969745636	0.7725715041160583	0.4318319857120514	0.5558257102966309	0.6597187519073486	0.6467106342315674	0.8805133700370789	0.6664068698883057	0.9120653867721558	0.5034096240997314	0.6711801886558533	0.5547918677330017
0.46764570474624634	0.5729445219039917	0.6325528025627136	0.5489339828491211	0.3444962203502655	0.33782798051834106	0.7007560729980469	0.3513489067554474	0.7363157868385315	0.4980635643005371	0.4412269592285156	0.5517473220825195
0.41671743988990784	0.47204509377479553	0.6398756504058838	0.42443394660949707	0.26243945956230164	0.2573491632938385	0.6888920068740845	0.266396701335907	0.7534056305885315	0.3739176094532013	0.3486206531524658	0.42736050486564636
0.5497648119926453	0.5774004459381104	0.5780006647109985	0.3915702700614929	0.4071209728717804	0.3972780406475067	0.690841555595398	0.41239580512046814	0.7147580981254578	0.35726800560951233	0.44833245873451233	0.3909981846809387
0.525641679763794	0.5741971731185913	0.5486009120941162	0.44664040207862854	0.4236634075641632	0.42857810854911804	0.7710939645767212	0.4284023344516754	0.7969865202903748	0.4220852553844452	0.5011990666389465	0.44684258103370667
0.45954668521881104	0.5151405334472656	0.7594403624534607	0.3755798935890198	0.2105349451303482	0.21748599410057068	0.6317397356033325	0.2149723470211029	0.6779944896697998	0.34204110503196716	0.31246525049209595	0.3784416913986206
0.3928487002849579	0.422878623008728	0.6980825066566467	0.27835813164711	0.1995541900396347	0.20859116315841675	0.6059039831161499	0.20206566154956818	0.6610085964202881	0.2623257040977478	0.27427732944488525	0.2801414430141449
0.38984382152557373	0.3921016752719879	0.6868675351142883	0.2460259348154068	0.20436245203018188	0.2151075303554535	0.6100525856018066	0.20611976087093353	0.6762607097625732	0.2332843691110611	0.27716779708862305	0.24800054728984833
0.42434924840927124	0.3983381390571594	0.7153453230857849	0.3865951895713806	0.1673039197921753	0.17522835731506348	0.5862558484077454	0.1688825488090515	0.629977822303772	0.36627352237701416	0.2930351793766022	0.3907882869243622
0.430198609828949	0.41951459646224976	0.7182105779647827	0.36203810572624207	0.1648963987827301	0.17331445217132568	0.5861297249794006	0.16676607728004456	0.6295139193534851	0.3429352045059204	0.28295496106147766	0.36582833528518677
0.38803631067276	0.37191611528396606	0.6587940454483032	0.2920691668987274	0.13684312999248505	0.14043359458446503	0.5220077037811279	0.13821212947368622	0.5743399858474731	0.28334036469459534	0.22790303826332092	0.29547205567359924
0.43414729833602905	0.38705164194107056	0.64577317237854	0.3691933751106262	0.1748388707637787	0.1840015947818756	0.5880159139633179	0.17673343420028687	0.6366637349128723	0.34871530532836914	0.29320603609085083	0.37315860390663147
0.4409346282482147	0.40665265917778015	0.6209529042243958	0.36798858642578125	0.15521037578582764	0.15877312421798706	0.5616127252578735	0.15563811361789703	0.6064705848693848	0.3357716500759125	0.2780340015888214	0.3722982704639435
0.43885675072669983	0.39175599813461304	0.6173801422119141	0.35643067955970764	0.16536444425582886	0.17141976952552795	0.5740438103675842	0.1662009358406067	0.6175352334976196	0.3263140022754669	0.2879886031150818	0.36058497428894043
0.4333776831626892	0.3987523019313812	0.590847373008728	0.35406213998794556	0.20664547383785248	0.2174951732158661	0.6417174935340881	0.20775064826011658	0.6886979937553406	0.32750067114830017	0.328885555267334	0.3580005466938019
