EC:2.3.1.-	EC:3.1.26.-	GO:0016757	GO:0016758
0.5282599329948425	0.6968190670013428	0.45637229084968567	0.5475574135780334
0.6580674052238464	0.7597534656524658	0.4664989709854126	0.5354520678520203
0.6737093925476074	0.6138131022453308	0.47720491886138916	0.5569062232971191
0.6160179972648621	0.43687012791633606	0.4093785881996155	0.4786761701107025
0.5988810062408447	0.5574175715446472	0.32126349210739136	0.34895625710487366
0.6356425881385803	0.6266562342643738	0.3783445358276367	0.45871463418006897
0.6265725493431091	0.7417389750480652	0.3208290636539459	0.39256957173347473
0.5368112325668335	0.7419762015342712	0.41522520780563354	0.49761858582496643
0.5612606406211853	0.8502631783485413	0.3923700451850891	0.452740877866745
0.5482118129730225	0.8515852093696594	0.39425286650657654	0.4520038068294525
0.4473888576030731	0.826171338558197	0.4801589548587799	0.5593340396881104
0.4157087206840515	0.8321377038955688	0.4396873414516449	0.49590447545051575
0.41332948207855225	0.9369344115257263	0.31808772683143616	0.3641069233417511
0.41635918617248535	0.7911890149116516	0.3384055495262146	0.39361071586608887
0.43347981572151184	0.7905761003494263	0.4006323516368866	0.4707874655723572
0.45406877994537354	0.7150624990463257	0.3102640211582184	0.37186548113822937
0.5013352036476135	0.5942348837852478	0.29666057229042053	0.3602392077445984
0.5321330428123474	0.45495685935020447	0.4569740295410156	0.514295220375061
0.542995274066925	0.39255931973457336	0.4308946132659912	0.5004945397377014
0.587905764579773	0.3905732035636902	0.4104454815387726	0.4760550856590271
0.5479903817176819	0.3750159442424774	0.4701743721961975	0.553180456161499
0.5961771011352539	0.3261522650718689	0.4473063349723816	0.5159305930137634
0.6464810967445374	0.2363709658384323	0.4268295168876648	0.4822370409965515
0.6685717105865479	0.1828635185956955	0.44115757942199707	0.5151082277297974
0.6083616018295288	0.21471114456653595	0.4562664031982422	0.5323736071586609
0.6158888339996338	0.28769248723983765	0.439589262008667	0.5050488114356995
0.6625495553016663	0.3145739734172821	0.45890286564826965	0.5163396596908569
0.6184172034263611	0.2734120786190033	0.5046505331993103	0.5808160305023193
0.6159631609916687	0.40013831853866577	0.47471970319747925	0.5498640537261963
0.6257076859474182	0.3685489296913147	0.4306248128414154	0.5236971378326416
0.6473516821861267	0.3013772666454315	0.44463855028152466	0.5225808024406433
0.662700355052948	0.4482318162918091	0.4448143541812897	0.5236882567405701
0.709617018699646	0.5788688063621521	0.43070173263549805	0.4718805253505707
0.6912071108818054	0.5244008898735046	0.41075676679611206	0.4521038830280304
0.6803474426269531	0.35424724221229553	0.4269137680530548	0.4831897020339966
0.7995924949645996	0.34089305996894836	0.4090774655342102	0.45233917236328125
0.8498538136482239	0.3705514371395111	0.4107838273048401	0.432722806930542
0.7669123411178589	0.37489449977874756	0.399338960647583	0.4255349338054657
0.735516369342804	0.3102858066558838	0.4293026924133301	0.46922895312309265
0.9168667197227478	0.27845555543899536	0.3987121880054474	0.412067174911499
0.9109352827072144	0.3789088726043701	0.44711244106292725	0.4707806706428528
0.6653467416763306	0.5695395469665527	0.467410683631897	0.5253919363021851
0.6464624404907227	0.5844758152961731	0.4173089563846588	0.45218250155448914
0.7598423361778259	0.5398792028427124	0.4664154350757599	0.49055007100105286
0.553242564201355	0.7272190451622009	0.36694756150245667	0.4337150752544403
0.47808513045310974	0.7832131385803223	0.3890470862388611	0.44088244438171387
0.5564601421356201	0.6807844042778015	0.35498955845832825	0.40504005551338196
0.5329957008361816	0.6692090630531311	0.35346904397010803	0.39969030022621155
0.4143632650375366	0.7255571484565735	0.4545508623123169	0.5061614513397217
0.4530479609966278	0.7518433332443237	0.4234345257282257	0.4808162748813629
0.47327545285224915	0.6717408895492554	0.4043743908405304	0.4404355585575104
0.4654870927333832	0.8637888431549072	0.3132546544075012	0.36720412969589233
0.4443620443344116	0.595881462097168	0.4243452250957489	0.46935954689979553
0.5008668899536133	0.4642798602581024	0.4167410731315613	0.4378509223461151
0.6523042321205139	0.5051055550575256	0.31984812021255493	0.3451528251171112
0.725979745388031	0.4677640199661255	0.3710768520832062	0.41485312581062317
0.716429591178894	0.5359739661216736	0.3725360631942749	0.408730149269104
0.7715013027191162	0.4968780279159546	0.3808783292770386	0.4137590825557709
0.8652873039245605	0.38309603929519653	0.3527565896511078	0.395490437746048
0.7348093390464783	0.4719655215740204	0.35798782110214233	0.38088250160217285
0.6652868390083313	0.6610702276229858	0.2772635519504547	0.30067044496536255
0.8491330742835999	0.5317720770835876	0.3059125244617462	0.3455367088317871
0.8670830130577087	0.5738688707351685	0.30969712138175964	0.3664111793041229
0.6427696943283081	0.6782976984977722	0.3796063959598541	0.4123803973197937
0.6719805002212524	0.7103882431983948	0.3057705760002136	0.34974178671836853
0.8084419965744019	0.621481716632843	0.34267234802246094	0.3884027302265167
0.8131440281867981	0.634709358215332	0.35380521416664124	0.40136268734931946
0.5845690369606018	0.7442944049835205	0.38942328095436096	0.4442712068557739
0.6311158537864685	0.5753178596496582	0.3931015729904175	0.4678747355937958
0.6147747039794922	0.550322949886322	0.4397755265235901	0.4926169514656067
0.5821953415870667	0.7256776690483093	0.4392242431640625	0.49110397696495056
0.6120439171791077	0.5463577508926392	0.51409512758255	0.5841127634048462
0.640239417552948	0.4629311263561249	0.5142083764076233	0.5523685216903687
0.6262889504432678	0.5693498849868774	0.48451370000839233	0.5241543054580688
0.6354631185531616	0.5612156987190247	0.4720139503479004	0.5189930200576782
0.6470004320144653	0.5703251957893372	0.44097572565078735	0.47980809211730957
0.7089324593544006	0.5767143964767456	0.43636104464530945	0.4632786810398102
0.7509825825691223	0.5491870045661926	0.44926002621650696	0.48725566267967224
0.8009632229804993	0.4658483564853668	0.46995314955711365	0.4958783686161041
0.8737832307815552	0.5072742104530334	0.4489876329898834	0.47064995765686035
0.9438957571983337	0.484844446182251	0.4436866343021393	0.4546813666820526
0.9648895263671875	0.40483376383781433	0.4183535873889923	0.43129074573516846
1.0	0.4643056392669678	0.4034698009490967	0.4163495898246765
0.9989628791809082	0.46265745162963867	0.3881348967552185	0.3983997404575348
0.9997231364250183	0.47062042355537415	0.3705633878707886	0.3807641565799713
0.8930142521858215	0.36404263973236084	0.39670783281326294	0.41392070055007935
0.8982101082801819	0.5746200084686279	0.38102293014526367	0.39149072766304016
0.9650333523750305	0.602715015411377	0.4373789429664612	0.45054891705513
0.8014657497406006	0.5740525126457214	0.47075337171554565	0.5051212906837463
0.6764309406280518	0.6826989054679871	0.4906975030899048	0.5102800726890564
0.5603293776512146	0.8004502058029175	0.41869688034057617	0.447887659072876
0.48034167289733887	0.9446905255317688	0.46896302700042725	0.531806230545044
0.38116759061813354	1.0	0.5310805439949036	0.6092672348022461
0.3803758919239044	0.9293258190155029	0.49535492062568665	0.5268363952636719
0.27972233295440674	0.9027737975120544	0.4751931428909302	0.5229946970939636
0.30148959159851074	0.8640291690826416	0.5112611055374146	0.5617716908454895
0.278613805770874	0.8806959986686707	0.5284604430198669	0.5757066011428833
0.3336113691329956	0.8498603105545044	0.5185623168945312	0.572231650352478
0.33680459856987	0.7627366185188293	0.5263903737068176	0.5827224850654602
0.2893432378768921	0.7530414462089539	0.4988974332809448	0.5689891576766968
0.3465782701969147	0.7243990898132324	0.5756730437278748	0.6455637812614441
0.3350263833999634	0.7971175909042358	0.5690955519676208	0.6366921067237854
0.38919562101364136	0.7499197721481323	0.5392236709594727	0.6063288450241089
0.39153411984443665	0.8091700077056885	0.4978238642215729	0.5557829141616821
0.4841775894165039	0.6717944741249084	0.5694353580474854	0.6278863549232483
0.5437740087509155	0.6983871459960938	0.5588821768760681	0.6207927465438843
0.5413462519645691	0.7777232527732849	0.551828920841217	0.6177625060081482
0.5256602764129639	0.6944476962089539	0.5036412477493286	0.5515049695968628
0.5746002197265625	0.7255574464797974	0.5110108852386475	0.5778462290763855
0.574268102645874	0.7218977808952332	0.514035165309906	0.5810227990150452
0.5594979524612427	0.6141980886459351	0.5342718958854675	0.6038308143615723
0.5043898224830627	0.4483225643634796	0.46898892521858215	0.49203556776046753
0.5784083008766174	0.4577256739139557	0.5017349720001221	0.5234552621841431
0.5894638895988464	0.478859543800354	0.5074372291564941	0.532782256603241
0.6743454933166504	0.6153949499130249	0.4892691671848297	0.5700677037239075
0.6462723016738892	0.49433907866477966	0.5399506092071533	0.6039577722549438
0.6916437149047852	0.4870224595069885	0.5521599054336548	0.6255261301994324
0.6404285430908203	0.3218488097190857	0.6670248508453369	0.7129620909690857
0.6679263114929199	0.2977641522884369	0.6758759021759033	0.7260635495185852
0.5227403044700623	0.2532940208911896	0.48342278599739075	0.41045019030570984
0.5802607536315918	0.3100707232952118	0.6620527505874634	0.682023823261261
0.5831418037414551	0.3540249764919281	0.6779595017433167	0.6772371530532837
0.5755082368850708	0.3424554169178009	0.6532816290855408	0.6531677842140198
0.5134410858154297	0.3178313970565796	0.5548529624938965	0.4967585802078247
0.49251237511634827	0.2683284282684326	0.42772164940834045	0.3323982059955597
0.5757931470870972	0.344745397567749	0.6073678731918335	0.5742710828781128
0.6267693638801575	0.47670978307724	0.5364461541175842	0.5447559952735901
0.5276356339454651	0.2436041384935379	0.5361710786819458	0.5186349153518677
0.529270589351654	0.276492178440094	0.48362070322036743	0.4524608254432678
0.5524373650550842	0.43035513162612915	0.4717324674129486	0.4611232876777649
0.5777881741523743	0.4188879430294037	0.47571927309036255	0.48215606808662415
0.5746278166770935	0.3938339054584503	0.44825953245162964	0.454075425863266
0.5834833383560181	0.35528305172920227	0.45646539330482483	0.45419299602508545
0.5730204582214355	0.3301282227039337	0.4568590521812439	0.4540417492389679
0.5750670433044434	0.40573087334632874	0.4098665714263916	0.4304651916027069
0.5790308713912964	0.2457309514284134	0.4099820554256439	0.4277779459953308
0.6332240700721741	0.28390365839004517	0.4545740783214569	0.4492206573486328
0.6190093159675598	0.2580438256263733	0.4627874195575714	0.4488431215286255
0.6735103726387024	0.25590550899505615	0.4336800277233124	0.4065021276473999
0.5696160197257996	0.19938498735427856	0.39110538363456726	0.39440688490867615
0.535997211933136	0.3189101815223694	0.41942715644836426	0.4384630024433136
0.548354983329773	0.4201567769050598	0.3792983293533325	0.39010244607925415
0.6637831330299377	0.4608180820941925	0.41577544808387756	0.4264189898967743
0.5682432055473328	0.4602019190788269	0.38607776165008545	0.4177583158016205
0.5634475946426392	0.32497477531433105	0.42199549078941345	0.45885220170021057
0.6695871353149414	0.46531081199645996	0.42333853244781494	0.45700231194496155
0.6598430275917053	0.40336722135543823	0.42316123843193054	0.5110542178153992
0.7115654945373535	0.4064455032348633	0.40077629685401917	0.46618741750717163
0.5998414158821106	0.3657132387161255	0.4578291177749634	0.5381791591644287
0.5823934674263	0.421354740858078	0.5008476376533508	0.5421943068504333
0.6563472747802734	0.33322685956954956	0.5041195750236511	0.5507339835166931
0.7061465382575989	0.27813151478767395	0.42720887064933777	0.5051755309104919
0.5994223356246948	0.35265159606933594	0.5306223034858704	0.5716041326522827
0.5602861046791077	0.3464904725551605	0.570817768573761	0.6104223728179932
0.5593695044517517	0.35198110342025757	0.5809464454650879	0.6327751874923706
0.5711280107498169	0.3128965497016907	0.5781852006912231	0.6279691457748413
0.6717603206634521	0.36131808161735535	0.512054979801178	0.5504554510116577
0.6880782246589661	0.3455314040184021	0.4697817265987396	0.5296785831451416
0.6218580603599548	0.4206126928329468	0.5307409763336182	0.569197952747345
0.6676537394523621	0.34998613595962524	0.5624123811721802	0.574243426322937
0.7627244591712952	0.37238436937332153	0.48719170689582825	0.5455003976821899
0.7448480725288391	0.29456859827041626	0.4698987901210785	0.545446515083313
0.8190744519233704	0.4009040296077728	0.41004234552383423	0.47046181559562683
0.871241569519043	0.5059223771095276	0.33420148491859436	0.4069811999797821
0.891391396522522	0.3728647232055664	0.31807875633239746	0.38809651136398315
0.8481215834617615	0.2943184971809387	0.3051447868347168	0.37979528307914734
0.9122685790061951	0.31843850016593933	0.2997872829437256	0.3688623309135437
0.8971396088600159	0.44174548983573914	0.2722642421722412	0.32771024107933044
0.7964938879013062	0.4343591332435608	0.3037705719470978	0.37374192476272583
0.7901530265808105	0.3712623417377472	0.2999584972858429	0.3855513334274292
0.8065198063850403	0.3750090003013611	0.131528839468956	0.21219417452812195
0.7216637134552002	0.31167495250701904	0.1589072197675705	0.20428037643432617
0.65410977602005	0.4543144404888153	0.13559474050998688	0.14308567345142365
0.5688968896865845	0.40587612986564636	0.12047600001096725	0.08545809239149094
0.5210915803909302	0.10675900429487228	0.12075220048427582	0.04449215158820152
0.47197970747947693	0.09825904667377472	0.14468611776828766	0.07380202412605286
0.49202144145965576	0.16296520829200745	0.3134632706642151	0.2470366209745407
0.415812224149704	0.056746337562799454	0.35464295744895935	0.24455006420612335
0.39782366156578064	0.0	0.2473791390657425	0.15133124589920044
0.39738839864730835	0.14825034141540527	0.29240989685058594	0.2186632603406906
0.4513112008571625	0.21552737057209015	0.32261931896209717	0.2442208230495453
0.46489232778549194	0.22842484712600708	0.41135162115097046	0.3334754407405853
0.506821870803833	0.22580499947071075	0.47077804803848267	0.40804630517959595
0.4731316864490509	0.2701508104801178	0.44166889786720276	0.37534189224243164
0.47032663226127625	0.36924880743026733	0.5385127067565918	0.506253719329834
0.44574838876724243	0.37245455384254456	0.562075138092041	0.5141049027442932
0.5676991939544678	0.5677680373191833	0.47917553782463074	0.5252982974052429
0.5557136535644531	0.5629816651344299	0.44786906242370605	0.4846867322921753
0.5215057134628296	0.7992795705795288	0.47548457980155945	0.5411443710327148
0.6001102924346924	0.7373166680335999	0.3983159363269806	0.45922935009002686
0.5751686096191406	0.5691675543785095	0.27952051162719727	0.3180581033229828
0.6230994462966919	0.9535483717918396	0.3861910402774811	0.4478817582130432
0.5540430545806885	0.9644432067871094	0.31666576862335205	0.3937351703643799
0.7870007157325745	0.6802965402603149	0.3398411273956299	0.4425799250602722
0.6051276326179504	0.5712732672691345	0.3173063099384308	0.38156720995903015
0.5724315643310547	0.7314401865005493	0.3597785532474518	0.4318498969078064
0.7672629356384277	0.5073277950286865	0.2990114688873291	0.39106377959251404
0.7935556769371033	0.44954198598861694	0.25012266635894775	0.3258741497993469
0.5539930462837219	0.4917468726634979	0.3056969940662384	0.3568479120731354
0.7549445033073425	0.5228904485702515	0.3403882086277008	0.4138241410255432
0.8036977052688599	0.4726274311542511	0.34524470567703247	0.4169393479824066
0.6816192269325256	0.37431398034095764	0.339852511882782	0.4013073444366455
0.6076885461807251	0.3464321792125702	0.4155966341495514	0.48109152913093567
0.7040725350379944	0.23959960043430328	0.48208412528038025	0.5355260968208313
0.6620628833770752	0.24217449128627777	0.45712023973464966	0.5048664212226868
0.6618486046791077	0.3608380854129791	0.4880063533782959	0.5256455540657043
0.7047140598297119	0.3589770793914795	0.49191078543663025	0.534285306930542
0.7055497169494629	0.3643051087856293	0.5459789633750916	0.5806890726089478
0.7110764980316162	0.37426310777664185	0.5383173227310181	0.5733882188796997
0.6905874609947205	0.3918059468269348	0.5027981400489807	0.5299391746520996
0.7187122106552124	0.2882111370563507	0.5706827640533447	0.6051616072654724
0.6238345503807068	0.31103014945983887	0.5282400250434875	0.5641403198242188
0.6439425349235535	0.5170950293540955	0.5003662705421448	0.5194476246833801
0.6238204836845398	0.5384426712989807	0.4953221082687378	0.515715479850769
0.6937023997306824	0.3364420533180237	0.5305367112159729	0.5330539345741272
0.7691307067871094	0.45676538348197937	0.5333418250083923	0.5377277731895447
0.7116565704345703	0.4628579914569855	0.4672181010246277	0.4797835052013397
0.733921229839325	0.44308236241340637	0.45673662424087524	0.46671006083488464
0.828249454498291	0.5070501565933228	0.5179104208946228	0.503964900970459
0.7886889576911926	0.427249550819397	0.5119447112083435	0.4902200698852539
0.7553831934928894	0.3559735417366028	0.5238236784934998	0.5055530071258545
0.6765757203102112	0.3986454904079437	0.4371703267097473	0.4147239029407501
0.7294753789901733	0.5060518383979797	0.4678637981414795	0.45278674364089966
0.7228202819824219	0.579947829246521	0.4733723998069763	0.45879197120666504
0.7085483074188232	0.5895153880119324	0.4909624457359314	0.4746803343296051
0.6159992218017578	0.5989004969596863	0.47812527418136597	0.46756768226623535
0.6280139684677124	0.79510498046875	0.4811688959598541	0.4946340024471283
0.5878124237060547	0.8501694202423096	0.4698335826396942	0.5053414702415466
0.474072128534317	0.8402665853500366	0.5026426315307617	0.539631187915802
0.4659377336502075	0.912272036075592	0.5284359455108643	0.5773297548294067
0.3562896251678467	0.8895212411880493	0.5249984264373779	0.6061786413192749
0.3348754048347473	0.8942177295684814	0.49494668841362	0.5687331557273865
0.3185685873031616	0.8283014297485352	0.42281267046928406	0.4882907271385193
0.34732264280319214	0.8166584968566895	0.3689377009868622	0.43585842847824097
0.3178359270095825	0.744561493396759	0.46203088760375977	0.5171321630477905
0.11386173218488693	0.678128182888031	0.5771201252937317	0.614737868309021
0.02482045814394951	0.7058725357055664	0.8515775203704834	0.8698416352272034
0.001891553052701056	0.7942212820053101	0.9071993827819824	0.9442038536071777
0.0	0.7558488249778748	0.9377247095108032	0.9587479829788208
0.04318820312619209	0.632182240486145	0.9909326434135437	0.9985409379005432
0.05921914428472519	0.6286745667457581	0.9443007111549377	0.9548293352127075
0.09599258005619049	0.6454026103019714	0.969702422618866	0.9739498496055603
0.03882501274347305	0.6404135823249817	0.9736093878746033	0.9765848517417908
0.002692537847906351	0.6603673100471497	1.0	1.0
0.0031465599313378334	0.6231029033660889	0.9479180574417114	0.9638850092887878
0.0833059549331665	0.5219228863716125	0.6931270360946655	0.7156213521957397
0.07407533377408981	0.5082687139511108	0.5021719932556152	0.5413474440574646
0.1773502230644226	0.5306327939033508	0.4158206880092621	0.4525741934776306
0.27744704484939575	0.4725039601325989	0.2722048759460449	0.30912715196609497
0.33791086077690125	0.5433036088943481	0.26488280296325684	0.31345024704933167
0.20465289056301117	0.4239595830440521	0.2598043978214264	0.28522562980651855
0.13559435307979584	0.4217754602432251	0.19048306345939636	0.2077682912349701
0.11604411154985428	0.3816736936569214	0.1265762597322464	0.12526464462280273
0.25671640038490295	0.45565032958984375	0.07784605771303177	0.09038819372653961
0.32638445496559143	0.37402379512786865	0.0	0.0
0.4176558256149292	0.39637210965156555	0.03379015624523163	0.00908634252846241
0.3981396555900574	0.39373335242271423	0.08029018342494965	0.07426103204488754
0.5558161735534668	0.4961920976638794	0.14142459630966187	0.17463792860507965
0.6417263746261597	0.604245662689209	0.1972389668226242	0.24476151168346405
0.6882731914520264	0.5007425546646118	0.32050463557243347	0.39367741346359253
0.8586841821670532	0.5550402998924255	0.4690302312374115	0.5762442946434021
0.840131938457489	0.5447080135345459	0.41657644510269165	0.5253631472587585
0.7777701020240784	0.6088957190513611	0.5025403499603271	0.6100730895996094
0.8669979572296143	0.49301040172576904	0.6026937365531921	0.7488222122192383
0.9048225283622742	0.5705559253692627	0.5196186304092407	0.6517435312271118
0.8653891682624817	0.5396725535392761	0.48424315452575684	0.6195198893547058
0.7850310802459717	0.6052884459495544	0.43873131275177	0.5300134420394897
0.7902279496192932	0.45351850986480713	0.526251494884491	0.6194096803665161
0.8226915597915649	0.46288320422172546	0.46098724007606506	0.559185802936554
0.7596889138221741	0.5166401863098145	0.4505186676979065	0.5472100377082825
0.7402007579803467	0.4632965624332428	0.47879526019096375	0.5883702635765076
0.746159017086029	0.505424439907074	0.5011155009269714	0.6146851778030396
0.7318859696388245	0.5522434115409851	0.48176658153533936	0.571421205997467
0.7206966280937195	0.5660696029663086	0.49547988176345825	0.593690812587738
0.7204997539520264	0.5423704385757446	0.5124402046203613	0.609075665473938
0.7378242611885071	0.5696667432785034	0.49050816893577576	0.5832478404045105
0.7402321696281433	0.593174159526825	0.47991958260536194	0.5522401928901672
0.7639756202697754	0.605668306350708	0.5040635466575623	0.586385190486908
0.7324707508087158	0.5641791224479675	0.49790796637535095	0.5783963799476624
0.7203413248062134	0.5626218914985657	0.49625471234321594	0.5761827230453491
0.696247935295105	0.5534697771072388	0.5042930841445923	0.5925962328910828
0.7197104096412659	0.5675133466720581	0.47262611985206604	0.5689576268196106
0.6275005340576172	0.445556640625	0.4975104033946991	0.5856460928916931
0.6790683269500732	0.4593927264213562	0.49569055438041687	0.5838417410850525
0.6975279450416565	0.4731111526489258	0.6365266442298889	0.7192444801330566
0.7022057771682739	0.46945250034332275	0.6771102547645569	0.767644464969635
0.6669031977653503	0.44414234161376953	0.6866558790206909	0.7590398192405701
0.6711823344230652	0.47417882084846497	0.6910845637321472	0.7604075074195862
0.6772993206977844	0.502369225025177	0.7115500569343567	0.8148791790008545
0.7164217233657837	0.46566852927207947	0.7839208245277405	0.8958991765975952
0.75901198387146	0.5291452407836914	0.687521755695343	0.779207170009613
0.7322659492492676	0.4616553783416748	0.6928747296333313	0.7902562022209167
0.6787815093994141	0.4322981536388397	0.7177268862724304	0.8108055591583252
0.8147931694984436	0.5957545042037964	0.7228394150733948	0.8595417141914368
0.8205703496932983	0.5263367295265198	0.617064356803894	0.7507491707801819
0.644849956035614	0.45937401056289673	0.6446097493171692	0.7561705708503723
0.703272819519043	0.5413157939910889	0.6901151537895203	0.8052849173545837
0.8076850771903992	0.557576596736908	0.5966031551361084	0.6991622447967529
0.7146613597869873	0.4426419734954834	0.6121664047241211	0.7122661471366882
0.5913940072059631	0.5067955255508423	0.5879068374633789	0.6380415558815002
0.5629931092262268	0.46993884444236755	0.5442175269126892	0.5954585075378418
0.5918585658073425	0.47065117955207825	0.5598528981208801	0.6277411580085754
0.5932115316390991	0.47371166944503784	0.562620997428894	0.6197275519371033
0.545007586479187	0.46608608961105347	0.5627776384353638	0.6112451553344727
0.5490328669548035	0.4650719165802002	0.5487377643585205	0.5970460176467896
0.5529402494430542	0.4636189937591553	0.5345280170440674	0.5924791693687439
0.5406502485275269	0.49176809191703796	0.4350866675376892	0.5137265920639038
0.5734476447105408	0.5436846613883972	0.5044389367103577	0.5846737027168274
0.5626594424247742	0.4463275074958801	0.5157171487808228	0.589855968952179
0.5578144192695618	0.4210866689682007	0.5431379079818726	0.6101242899894714
0.6066362857818604	0.4047974944114685	0.5360161662101746	0.6262964010238647
0.6491228342056274	0.3719291090965271	0.6040388345718384	0.7001218795776367
0.6654016971588135	0.375694215297699	0.6860328912734985	0.7633755803108215
0.6683650612831116	0.40340617299079895	0.7045120596885681	0.7855803966522217
0.6581633687019348	0.3760873079299927	0.6413010358810425	0.6990615725517273
0.6471242308616638	0.5023581385612488	0.660851240158081	0.7130720615386963
0.6240547299385071	0.57289719581604	0.6571344137191772	0.7049740552902222
0.6028969287872314	0.6001357436180115	0.6634443402290344	0.6946702599525452
0.6035535335540771	0.6454495191574097	0.6758893728256226	0.7130991816520691
0.535891592502594	0.6748939752578735	0.6185125112533569	0.6670557856559753
0.6310282945632935	0.5360669493675232	0.708796501159668	0.7511782050132751
0.6200499534606934	0.5087193846702576	0.7143800854682922	0.7867239117622375
0.5880412459373474	0.4504653513431549	0.49521830677986145	0.5916089415550232
0.6194401383399963	0.43967536091804504	0.5627502799034119	0.6646223068237305
0.6086674332618713	0.5294309258460999	0.6063099503517151	0.6797624826431274
0.5302878618240356	0.5436268448829651	0.4519357979297638	0.5514774918556213
0.570063591003418	0.44547775387763977	0.44899633526802063	0.5585096478462219
0.5951928496360779	0.3919965326786041	0.4668217897415161	0.5767713785171509
0.5882548093795776	0.39496591687202454	0.48944827914237976	0.5918866991996765
0.6107286214828491	0.3934364318847656	0.5140029788017273	0.6067323088645935
0.6311777234077454	0.383320152759552	0.5029219388961792	0.6004219055175781
0.6520432829856873	0.4735420346260071	0.554754912853241	0.6281471848487854
0.6491019129753113	0.49710750579833984	0.501761794090271	0.5742448568344116
0.6337618827819824	0.5272257924079895	0.5142053961753845	0.5927929878234863
0.6244582533836365	0.4988132417201996	0.5288034081459045	0.5994324088096619
0.6359720826148987	0.5072463750839233	0.5115596652030945	0.5999882817268372
0.7118164300918579	0.5727187395095825	0.4722110629081726	0.5446370840072632
0.7163237929344177	0.5999263525009155	0.4803607761859894	0.5641406178474426
0.7359931468963623	0.5577971339225769	0.5066379904747009	0.5949912667274475
0.7266290187835693	0.5843826532363892	0.48930248618125916	0.5722818374633789
0.7125464677810669	0.5567688941955566	0.4601660370826721	0.547301709651947
0.6866733431816101	0.5996894240379333	0.44925642013549805	0.5277166366577148
0.6441259384155273	0.5802896618843079	0.4819628894329071	0.5444780588150024
0.6793463826179504	0.624325692653656	0.5430757403373718	0.615536093711853
0.5791375041007996	0.7170440554618835	0.5340356826782227	0.5810047388076782
0.5967114567756653	0.7929957509040833	0.5331824421882629	0.5807684659957886
0.5372902154922485	0.7656813263893127	0.45516255497932434	0.5071223378181458
0.5064449310302734	0.6931096315383911	0.41627129912376404	0.4700348675251007
0.45961272716522217	0.6247520446777344	0.3286949098110199	0.3909887671470642
0.46374377608299255	0.6188397407531738	0.3387090563774109	0.40074479579925537
0.5559240579605103	0.6729886531829834	0.42730575799942017	0.4888324439525604
0.4914255142211914	0.62063068151474	0.4075114130973816	0.4837276339530945
0.46198877692222595	0.5842843651771545	0.3489753007888794	0.4185957610607147
0.6395038962364197	0.5978504419326782	0.46715083718299866	0.5384276509284973
0.63880854845047	0.5820366740226746	0.4564022719860077	0.5274986028671265
0.6356203556060791	0.5803771615028381	0.45625945925712585	0.5270964503288269
0.6278954148292542	0.5421810746192932	0.4566926658153534	0.5253031849861145
0.6274991631507874	0.5424954295158386	0.4734307527542114	0.5405858159065247
0.600238025188446	0.5421019792556763	0.5104942321777344	0.5708957314491272
0.5911516547203064	0.5880103707313538	0.4909805953502655	0.5450714826583862
0.5835288166999817	0.6357099413871765	0.4908924400806427	0.5559692978858948
0.5961768627166748	0.4984290897846222	0.482384592294693	0.5572046041488647
0.5743246078491211	0.5768917202949524	0.4816115200519562	0.5477901697158813
0.592036783695221	0.5127961039543152	0.4992000162601471	0.5719558000564575
0.5657772421836853	0.5258748531341553	0.48217764496803284	0.5635585188865662
0.6158621311187744	0.4773896038532257	0.5912211537361145	0.644420325756073
0.6278873085975647	0.4935617744922638	0.5493277907371521	0.6216288208961487
0.6167578101158142	0.5117923021316528	0.48046785593032837	0.5645109415054321
0.6019592881202698	0.48194167017936707	0.47979623079299927	0.5721086263656616
0.6854661107063293	0.5289599895477295	0.5467936992645264	0.6225323677062988
0.6701449155807495	0.5706515908241272	0.47180649638175964	0.5556957125663757
0.6870920658111572	0.5906459093093872	0.47771281003952026	0.5650997161865234
0.6817484498023987	0.6206498742103577	0.46233439445495605	0.5515307784080505
0.6515258550643921	0.5511314272880554	0.4913140535354614	0.5714263319969177
0.6534435749053955	0.620154082775116	0.4803100824356079	0.5488454103469849
0.6025421023368835	0.6483598351478577	0.4672715663909912	0.5266092419624329
0.6013252139091492	0.6446911096572876	0.4439261257648468	0.5159671306610107
0.5705828666687012	0.7041633725166321	0.45588287711143494	0.520801305770874
0.5587621331214905	0.6930748820304871	0.46575188636779785	0.5167839527130127
0.6290210485458374	0.7311809659004211	0.43480297923088074	0.5054996013641357
0.5943963527679443	0.7803230285644531	0.4212115406990051	0.4902476668357849
0.669063150882721	0.6975007653236389	0.34698063135147095	0.42234548926353455
0.6558108329772949	0.6634328365325928	0.3302905559539795	0.39481958746910095
0.6160606741905212	0.637438178062439	0.2863629162311554	0.34937626123428345
0.5984477400779724	0.5526650547981262	0.32268503308296204	0.37709784507751465
0.6394293904304504	0.6496450901031494	0.42789125442504883	0.5092253088951111
0.38848546147346497	0.5496540665626526	0.4268212914466858	0.5028561949729919
0.4344433844089508	0.5142067074775696	0.30078867077827454	0.3694905936717987
0.3774194121360779	0.4788133502006531	0.13659870624542236	0.15384426712989807
0.4521804451942444	0.5964813232421875	0.21326369047164917	0.2443377524614334
0.572524905204773	0.7329918146133423	0.3991911709308624	0.4509730935096741
0.6075260043144226	0.7841070890426636	0.44019314646720886	0.5002826452255249
0.5692861676216125	0.6678550243377686	0.4591033458709717	0.5145790576934814
0.6164640784263611	0.6838904023170471	0.43440350890159607	0.4887389838695526
0.6244617104530334	0.6800330281257629	0.47214528918266296	0.537696897983551
0.6681301593780518	0.6150137186050415	0.45490312576293945	0.524602472782135
0.6702411770820618	0.6044401526451111	0.476995587348938	0.5574424862861633
0.6944416761398315	0.6037666201591492	0.45271188020706177	0.5329503417015076
0.7010680437088013	0.565224826335907	0.46667858958244324	0.5452063679695129
0.6831049919128418	0.5375440716743469	0.48484164476394653	0.5685974359512329
0.6804372072219849	0.5795414447784424	0.47714468836784363	0.5597487092018127
