EC:3.1.4.-	GO:0004540	GO:0140097	GO:0003899	GO:0008168	GO:0008757	GO:0008173	GO:0016788	GO:0034062	GO:0097747	GO:0016741	GO:0016772	GO:0004527	GO:0003677	GO:0004519	GO:0016853	GO:0140098	GO:0140101	GO:0003723	GO:0004518	GO:0016779
0.8259798288345337	0.5525301694869995	0.4246805012226105	0.3172729015350342	0.6737288236618042	0.6355624198913574	0.46206435561180115	0.38264206051826477	0.27046841382980347	0.27129483222961426	0.6624448895454407	0.1400139182806015	0.4605196714401245	0.34208735823631287	0.5962810516357422	0.7929248809814453	0.3005411922931671	0.548086404800415	0.3436870574951172	0.4607400894165039	0.11103633046150208
0.6947430968284607	0.39249590039253235	0.4375467896461487	0.39468705654144287	0.748134434223175	0.6498643755912781	0.5494038462638855	0.35231509804725647	0.3566752076148987	0.3564518392086029	0.7222282886505127	0.1273229867219925	0.3387036621570587	0.4567529261112213	0.5748754739761353	0.7874414920806885	0.407850444316864	0.5017316937446594	0.49896353483200073	0.4593634307384491	0.11880633980035782
0.4919900894165039	0.23873606324195862	0.32166483998298645	0.3774557113647461	0.7582233548164368	0.6987943649291992	0.5547523498535156	0.22698795795440674	0.3345116972923279	0.33265140652656555	0.7459522485733032	0.07497412711381912	0.28248047828674316	0.3650114834308624	0.4235861897468567	0.7543154358863831	0.34626129269599915	0.37970736622810364	0.4066217243671417	0.2107817679643631	0.07355944067239761
0.46676644682884216	0.1575084626674652	0.14796754717826843	0.2507771849632263	0.834115207195282	0.783453643321991	0.6370413899421692	0.10029638558626175	0.21414819359779358	0.21205367147922516	0.8265705108642578	0.05701263248920441	0.189824178814888	0.115084707736969	0.23353201150894165	0.6607046723365784	0.4079611599445343	0.48029062151908875	0.2649824917316437	0.03435844928026199	0.05033055320382118
0.606772243976593	0.1797827184200287	0.22370749711990356	0.3468022346496582	0.878618061542511	0.7438472509384155	0.626150906085968	0.15819892287254333	0.29725584387779236	0.2941093444824219	0.8835364580154419	0.055735304951667786	0.20403778553009033	0.31509727239608765	0.32345521450042725	0.5940461754798889	0.487765371799469	0.5416194796562195	0.35016846656799316	0.16714386641979218	0.06387344002723694
0.6331778764724731	0.18628275394439697	0.25461462140083313	0.3209655284881592	0.9904873371124268	0.676324725151062	0.5107691884040833	0.18603438138961792	0.3099008798599243	0.3037484288215637	0.982084333896637	0.019397692754864693	0.188876673579216	0.44678762555122375	0.36908408999443054	0.4486699104309082	0.7559517025947571	0.41211721301078796	0.3117164373397827	0.28430959582328796	0.02028290554881096
0.5307455062866211	0.16048425436019897	0.15722811222076416	0.13160410523414612	0.967749297618866	0.6889731287956238	0.42574095726013184	0.08184275776147842	0.13131970167160034	0.12879221141338348	0.9499562978744507	0.08859016746282578	0.07473189383745193	0.26556068658828735	0.1389944851398468	0.420317143201828	0.7453095316886902	0.5037925243377686	0.14862284064292908	0.1107935756444931	0.07335426658391953
0.5190995335578918	0.23882469534873962	0.2670857608318329	0.17954660952091217	0.7311740517616272	0.511780321598053	0.3690766990184784	0.2557377517223358	0.1918322592973709	0.1948745995759964	0.7449197173118591	0.17863720655441284	0.2685222327709198	0.34667205810546875	0.16994154453277588	0.29866430163383484	0.6119332909584045	0.41999930143356323	0.27578166127204895	0.16094137728214264	0.17362019419670105
0.6240013241767883	0.19718283414840698	0.19061584770679474	0.14894266426563263	0.9042662978172302	0.5689406991004944	0.33656784892082214	0.1551932841539383	0.15026508271694183	0.14818744361400604	0.8957201838493347	0.1453942358493805	0.14999324083328247	0.36501553654670715	0.14594154059886932	0.23006334900856018	0.8692156672477722	0.46477481722831726	0.16905058920383453	0.17739897966384888	0.12574177980422974
0.5485077500343323	0.2969503402709961	0.17762012779712677	0.1566164791584015	1.0	0.7119452953338623	0.45118647813796997	0.1688443422317505	0.14960812032222748	0.14778977632522583	0.9824771881103516	0.13790522515773773	0.22239045798778534	0.3658503592014313	0.11385717242956161	0.23940350115299225	1.0	0.6440914869308472	0.2228800505399704	0.17675545811653137	0.12771008908748627
0.451252281665802	0.3258759379386902	0.29920637607574463	0.1417710781097412	0.8265371322631836	0.6052078604698181	0.3388219475746155	0.2753119468688965	0.15141138434410095	0.1531972736120224	0.8264836072921753	0.14177362620830536	0.28760379552841187	0.3474847674369812	0.243886798620224	0.29182204604148865	0.6754127740859985	0.34529998898506165	0.20070961117744446	0.250032901763916	0.12285297363996506
0.5221683382987976	0.32751598954200745	0.2553933560848236	0.07185601443052292	0.8081790208816528	0.5207822322845459	0.2438480108976364	0.27441754937171936	0.08268233388662338	0.08433850854635239	0.7922366857528687	0.1792432963848114	0.1896229088306427	0.3856362998485565	0.1878940761089325	0.23772846162319183	0.8195604085922241	0.4509834051132202	0.14087918400764465	0.2949123978614807	0.15211409330368042
0.4805973172187805	0.224159374833107	0.12759339809417725	0.0	0.9942225813865662	0.6112223863601685	0.2855510413646698	0.11023902893066406	0.0	0.0	0.9820696115493774	0.135575070977211	0.03208488970994949	0.3117029666900635	0.0	0.12933054566383362	0.9741091132164001	0.5489779710769653	0.0	0.1368338018655777	0.1187581866979599
0.580146312713623	0.1633799523115158	0.18296457827091217	0.07766234129667282	0.9674404263496399	0.589453935623169	0.27104711532592773	0.11444282531738281	0.08316968381404877	0.08097637444734573	0.9615686535835266	0.11280304193496704	0.0904235690832138	0.40909039974212646	0.0931672528386116	0.17413634061813354	0.9059438705444336	0.3959698975086212	0.09702637791633606	0.16664834320545197	0.09846295416355133
0.5597375631332397	0.31306108832359314	0.23233316838741302	0.05740470066666603	0.976586103439331	0.601207971572876	0.3028462529182434	0.2664125859737396	0.07229649275541306	0.07048726826906204	0.9414721131324768	0.10272226482629776	0.18570953607559204	0.34715965390205383	0.19371432065963745	0.2639978528022766	0.9540684223175049	0.378105491399765	0.17738352715969086	0.37954944372177124	0.07450270652770996
0.5566114783287048	0.0	0.14879238605499268	0.1209920272231102	0.9974067807197571	0.6597191095352173	0.32667142152786255	0.0	0.10670583695173264	0.10201655328273773	1.0	0.015951531007885933	0.0	0.3220115900039673	0.076557956635952	0.31148040294647217	0.7099185585975647	0.16786347329616547	0.05958489701151848	0.0	0.005597155075520277
0.6320251226425171	0.3086796998977661	0.40267154574394226	0.44375187158584595	0.9019730687141418	0.631763756275177	0.4268367290496826	0.2923447787761688	0.41252973675727844	0.4073690176010132	0.9021896719932556	0.0	0.31978192925453186	0.5648974776268005	0.5140511989593506	0.6492410898208618	0.6087647676467896	0.15547122061252594	0.4781854748725891	0.3412216007709503	0.0
0.5226143598556519	0.40246134996414185	0.5601587891578674	0.694441020488739	0.6875759363174438	0.612900972366333	0.48043468594551086	0.38917332887649536	0.6297013163566589	0.6277338266372681	0.7161217927932739	0.1432294249534607	0.4564167857170105	0.5888250470161438	0.7244555354118347	0.7466316223144531	0.28379756212234497	0.3297863006591797	0.623540461063385	0.3586653172969818	0.12542475759983063
0.38815203309059143	0.5579830408096313	0.5458455681800842	0.591256320476532	0.5486997961997986	0.5253520607948303	0.41143083572387695	0.5709070563316345	0.5509420037269592	0.5528125762939453	0.5487866997718811	0.1750258356332779	0.5614134669303894	0.5293785333633423	0.7782593369483948	0.7695884108543396	0.26803672313690186	0.35274848341941833	0.6209259629249573	0.5452730655670166	0.13320718705654144
0.45408305525779724	0.5324980616569519	0.5272117853164673	0.5204487442970276	0.5168294310569763	0.49805065989494324	0.378143846988678	0.5937879681587219	0.4944711923599243	0.4973190426826477	0.523805558681488	0.15690599381923676	0.5450955629348755	0.4306156039237976	0.7765737771987915	0.752159595489502	0.17696326971054077	0.22166867554187775	0.5571609735488892	0.5467729568481445	0.11097802221775055
0.5916146636009216	0.38550275564193726	0.5443382263183594	0.5933688879013062	0.65468430519104	0.5624251365661621	0.456181138753891	0.4520643353462219	0.5373809337615967	0.5371226072311401	0.6869951486587524	0.09911951422691345	0.4537348747253418	0.5331187844276428	0.7161977291107178	0.7013355493545532	0.22539134323596954	0.2589639127254486	0.5729590058326721	0.406475305557251	0.08750555664300919
0.3924795687198639	0.5219167470932007	0.5169886350631714	0.492676317691803	0.41759464144706726	0.398322731256485	0.3308432996273041	0.6114065647125244	0.45894134044647217	0.46518492698669434	0.42815062403678894	0.1836213767528534	0.49885323643684387	0.4120308458805084	0.7349396347999573	0.7276277542114258	0.1518518030643463	0.27481192350387573	0.5201969742774963	0.5140990018844604	0.14629922807216644
0.03061392717063427	0.5485367178916931	0.48625048995018005	0.4852573573589325	0.3663763999938965	0.3528105616569519	0.32758110761642456	0.6411246061325073	0.4512861669063568	0.45745617151260376	0.37538549304008484	0.19412973523139954	0.5303382873535156	0.3605675995349884	0.7256580591201782	0.7912140488624573	0.1796087622642517	0.3394477069377899	0.5464310050010681	0.5250278115272522	0.15606778860092163
0.07186178117990494	0.602638304233551	0.5058891177177429	0.6213820576667786	0.35996171832084656	0.41231608390808105	0.44877931475639343	0.6236142516136169	0.594682514667511	0.6005706787109375	0.3752710819244385	0.29223987460136414	0.5949430465698242	0.3097059428691864	0.7645126581192017	0.750646710395813	0.2659872770309448	0.47635164856910706	0.6911240816116333	0.5147396922111511	0.24674579501152039
0.05408075451850891	0.619401752948761	0.5206443071365356	0.6600334048271179	0.34507355093955994	0.4007684588432312	0.4564327597618103	0.6292816400527954	0.6325207948684692	0.6383890509605408	0.36439597606658936	0.30249735713005066	0.6114495396614075	0.31779971718788147	0.7960371971130371	0.7615556716918945	0.2589569091796875	0.4953974187374115	0.7174558043479919	0.5213267803192139	0.2592541575431824
0.0745660662651062	0.6008903980255127	0.508587658405304	0.6407651305198669	0.3209074139595032	0.3781033456325531	0.4396262764930725	0.6295992136001587	0.614797830581665	0.6212610602378845	0.3399219810962677	0.30572831630706787	0.5974884033203125	0.2845376133918762	0.782458484172821	0.7622010111808777	0.22852781414985657	0.4704272747039795	0.6951302886009216	0.5052224397659302	0.2592853605747223
0.10737991333007812	0.618007481098175	0.50635826587677	0.6518157720565796	0.3883036673069	0.4435928463935852	0.4702572524547577	0.6265535354614258	0.6181076765060425	0.6228370070457458	0.39685502648353577	0.27442023158073425	0.6387881636619568	0.37159237265586853	0.7634309530258179	0.7757012844085693	0.28363385796546936	0.5240853428840637	0.7262765169143677	0.5249218940734863	0.23277580738067627
0.13658379018306732	0.6217056512832642	0.48346808552742004	0.6740166544914246	0.37874749302864075	0.45711103081703186	0.4773087799549103	0.6255614161491394	0.6374642848968506	0.6420547962188721	0.38884469866752625	0.2836184799671173	0.6319348812103271	0.3287394642829895	0.7639767527580261	0.8006526827812195	0.28258106112480164	0.540094792842865	0.7264459729194641	0.4989227056503296	0.2353385090827942
0.05906464532017708	0.5564083456993103	0.4702005684375763	0.6189121007919312	0.3850150406360626	0.43385937809944153	0.42315906286239624	0.5922375321388245	0.580673336982727	0.5847508907318115	0.3950634002685547	0.20300526916980743	0.5857066512107849	0.3481319844722748	0.7381944060325623	0.8733825087547302	0.17892371118068695	0.39673730731010437	0.6568902134895325	0.4459476172924042	0.16532179713249207
0.525582492351532	0.5137781500816345	0.3528367280960083	0.6406899690628052	0.43315351009368896	0.4748638868331909	0.4370078444480896	0.4900212585926056	0.6175782084465027	0.6228273510932922	0.4442145824432373	0.29895076155662537	0.5409395098686218	0.32308295369148254	0.5381747484207153	0.8330946564674377	0.28323453664779663	0.5490493774414062	0.7006282806396484	0.2991280257701874	0.2529746890068054
0.4698721468448639	0.5843876004219055	0.48366135358810425	0.6689114570617676	0.46488168835639954	0.4963337182998657	0.4555438160896301	0.5068726539611816	0.6424230337142944	0.6468666791915894	0.46543869376182556	0.291218101978302	0.5762044191360474	0.4277813136577606	0.663964033126831	0.789337158203125	0.3053651750087738	0.527021586894989	0.7290254235267639	0.41547706723213196	0.2517171800136566
0.3321322798728943	0.5428239107131958	0.5171166658401489	0.6824235916137695	0.46250975131988525	0.49734756350517273	0.46078357100486755	0.5214104056358337	0.6393896341323853	0.6431119441986084	0.4662121832370758	0.2287781685590744	0.5156567096710205	0.4413672983646393	0.7427243590354919	0.815650999546051	0.26011696457862854	0.44703948497772217	0.6924448609352112	0.4218849241733551	0.19450707733631134
0.4520986080169678	0.5085003972053528	0.40430280566215515	0.6957228779792786	0.49679744243621826	0.5054373741149902	0.4522150456905365	0.49667850136756897	0.6608145833015442	0.6618891954421997	0.5078121423721313	0.19783006608486176	0.5423564910888672	0.38536685705184937	0.6824169158935547	1.0	0.26058700680732727	0.3965946435928345	0.7479579448699951	0.3524066209793091	0.14822009205818176
0.6604645848274231	0.42872729897499084	0.19684575498104095	0.4166507124900818	0.4798141121864319	0.4865204095840454	0.36706915497779846	0.5583860874176025	0.4078325629234314	0.4125921130180359	0.4881058931350708	0.09791366010904312	0.48794442415237427	0.2102837711572647	0.41567161679267883	0.9998617172241211	0.2064782977104187	0.19106760621070862	0.6168327927589417	0.2995457351207733	0.06426113098859787
0.523124635219574	0.5517314672470093	0.5479964017868042	0.5500453114509583	0.5216810703277588	0.5099026560783386	0.3769545257091522	0.6371574401855469	0.5225443243980408	0.5261200666427612	0.5143685936927795	0.08169476687908173	0.6169070601463318	0.5763665437698364	0.7155606150627136	0.8560558557510376	0.2216852754354477	0.10798139125108719	0.6640802621841431	0.5373089909553528	0.07697895914316177
0.4356357455253601	0.5251681208610535	0.6170642375946045	0.6308158040046692	0.6234293580055237	0.5868942141532898	0.4785915017127991	0.5773354768753052	0.5915158987045288	0.5910486578941345	0.621090829372406	0.050307661294937134	0.660706639289856	0.593425452709198	0.7777865529060364	0.9419103860855103	0.22663265466690063	0.03796467185020447	0.775490939617157	0.5611146688461304	0.03754696249961853
0.665339469909668	0.4267517626285553	0.45422402024269104	0.5739783048629761	0.6142861247062683	0.612267792224884	0.4732326567173004	0.5090211629867554	0.5405004620552063	0.5407041311264038	0.6429646015167236	0.05166088417172432	0.5889254212379456	0.3730123043060303	0.6290733814239502	0.9549545049667358	0.1668776273727417	0.03048865869641304	0.7611286640167236	0.3907666504383087	0.04179055616259575
0.5937038064002991	0.504644513130188	0.4769620895385742	0.6948807835578918	0.4715818464756012	0.5221498012542725	0.48575693368911743	0.5781943202018738	0.6730901002883911	0.6762914061546326	0.5047817826271057	0.22934508323669434	0.6099611520767212	0.48248112201690674	0.6280229091644287	0.8981858491897583	0.33326390385627747	0.27331939339637756	0.842142641544342	0.4098982810974121	0.2192457616329193
0.5940746068954468	0.6567054986953735	0.8499932289123535	0.7247658967971802	0.561393141746521	0.5249934196472168	0.4525473117828369	0.705675482749939	0.6970272064208984	0.6988696455955505	0.571210503578186	0.136423721909523	0.8045873641967773	0.8436111211776733	1.0	0.7830048203468323	0.2691766917705536	0.05162353441119194	0.8984949588775635	0.7901877760887146	0.14587469398975372
0.5719529986381531	0.3972163498401642	0.5050168037414551	0.6763558387756348	0.8912779092788696	0.7464314699172974	0.5895112156867981	0.2751089334487915	0.6190026998519897	0.611660361289978	0.8880370855331421	0.10049699991941452	0.4731696546077728	0.5507856011390686	0.6336872577667236	0.7896313071250916	0.6295908689498901	0.25767868757247925	0.7876511216163635	0.3860253095626831	0.10354699939489365
0.5474822521209717	0.5312591195106506	0.6892154216766357	0.7924982905387878	0.594740092754364	0.6366944909095764	0.6023666858673096	0.4252968728542328	0.7609838843345642	0.7596510648727417	0.6058980822563171	0.20178061723709106	0.7198556661605835	0.5899385213851929	0.758181631565094	0.9589343070983887	0.3164978623390198	0.15787453949451447	0.9800147414207458	0.44716572761535645	0.20429760217666626
0.6779707074165344	0.43929240107536316	0.6123049855232239	0.6634707450866699	0.7666438221931458	0.5886865854263306	0.5444911122322083	0.3261268138885498	0.6530178785324097	0.6512409448623657	0.8027361631393433	0.10976333171129227	0.6022048592567444	0.7139052748680115	0.5624822378158569	0.7626736164093018	0.43068915605545044	0.08437381684780121	0.8591057658195496	0.3535982072353363	0.1454293578863144
0.6889680624008179	0.35644760727882385	0.477835088968277	0.6822619438171387	0.7412457466125488	0.6349007487297058	0.5622872114181519	0.30178284645080566	0.6198673844337463	0.6156379580497742	0.7728918194770813	0.10192227363586426	0.5242131352424622	0.4811098575592041	0.5770189166069031	0.8270713686943054	0.34124794602394104	0.1399717926979065	0.8214623332023621	0.30451229214668274	0.11450827121734619
0.7367650866508484	0.2872796952724457	0.3356601595878601	0.615981936454773	0.6829495429992676	0.6397926807403564	0.6172896027565002	0.3016221523284912	0.579485297203064	0.5746405720710754	0.6945701241493225	0.07181573659181595	0.48349443078041077	0.319891095161438	0.5467222929000854	0.8294790983200073	0.37930727005004883	0.19179263710975647	0.7595527768135071	0.23941712081432343	0.07463347166776657
0.8268041014671326	0.43827903270721436	0.4203791618347168	0.49862855672836304	0.4673117995262146	0.43956005573272705	0.41330382227897644	0.5728256106376648	0.4849938154220581	0.4887391924858093	0.48752591013908386	0.1001427173614502	0.5387315154075623	0.3561418950557709	0.6071789860725403	0.8157057762145996	0.23420120775699615	0.06821336597204208	0.7203649878501892	0.4399743974208832	0.1001959890127182
0.8224937915802002	0.5043215155601501	0.34547895193099976	0.35648083686828613	0.5124066472053528	0.43543681502342224	0.36787688732147217	0.5163465142250061	0.33448225259780884	0.3370767831802368	0.49846532940864563	0.13115906715393066	0.3815010190010071	0.31110888719558716	0.6230449080467224	0.9007483124732971	0.3055866062641144	0.34307974576950073	0.5256491899490356	0.5217497944831848	0.10925992578268051
0.6116721630096436	0.3830573856830597	0.5713613033294678	0.645749032497406	0.5682323575019836	0.5290713906288147	0.5993058681488037	0.40785524249076843	0.5953150391578674	0.5997377038002014	0.5963166356086731	0.3260810077190399	0.44689202308654785	0.5877562165260315	0.5290583372116089	0.6078280806541443	0.44452086091041565	0.5945451855659485	0.6599943041801453	0.38455232977867126	0.31916749477386475
0.6355976462364197	0.7437983155250549	0.7387644648551941	0.5502825379371643	0.2520299553871155	0.2862228751182556	0.34082967042922974	0.609327495098114	0.5065872073173523	0.5222871899604797	0.26940810680389404	0.6155527234077454	0.5477896332740784	0.7373763918876648	0.5965008735656738	0.45425888895988464	0.5134590268135071	0.7402899861335754	0.5775985717773438	0.6769282221794128	0.6028710007667542
0.7862349152565002	0.5205704569816589	0.5515950918197632	0.5317585468292236	0.4496707618236542	0.40131691098213196	0.35144251585006714	0.5666458010673523	0.5039838552474976	0.5103113651275635	0.44938600063323975	0.2882612645626068	0.5657056570053101	0.5050914287567139	0.6631184816360474	0.8021493554115295	0.2042171061038971	0.3237136900424957	0.6302292346954346	0.515616238117218	0.24578051269054413
0.6243658661842346	0.30698010325431824	0.6108896732330322	0.6465006470680237	0.5712063312530518	0.5376424193382263	0.5746101140975952	0.23899897933006287	0.5752736330032349	0.579139769077301	0.599104106426239	0.4349159002304077	0.4091881215572357	0.6361178755760193	0.42414745688438416	0.5767901539802551	0.41042664647102356	0.6314626336097717	0.5914778113365173	0.23341412842273712	0.4108045697212219
0.8947743773460388	0.4361768364906311	0.5007064938545227	0.49068325757980347	0.46839794516563416	0.43741753697395325	0.3607921302318573	0.4639755189418793	0.44648295640945435	0.4517993927001953	0.4536362588405609	0.30657893419265747	0.6221468448638916	0.45659127831459045	0.49272456765174866	0.6567211151123047	0.13098464906215668	0.21955722570419312	0.5820879340171814	0.3740515112876892	0.262907475233078
0.8632004857063293	0.5737401247024536	0.5366469025611877	0.5196471214294434	0.48441797494888306	0.4682324528694153	0.4211909770965576	0.4748036861419678	0.4929140508174896	0.49813300371170044	0.44964754581451416	0.34265318512916565	0.7533208131790161	0.3968980312347412	0.5194957852363586	0.6651384234428406	0.18597465753555298	0.2793436646461487	0.6669498682022095	0.4477302134037018	0.29269012808799744
0.8436729907989502	0.5656989812850952	0.5306580662727356	0.5078415870666504	0.43758031725883484	0.42462462186813354	0.3872605264186859	0.49190810322761536	0.49000924825668335	0.4957045018672943	0.40073496103286743	0.3526943624019623	0.72313392162323	0.39108988642692566	0.5170847773551941	0.6250292062759399	0.22024713456630707	0.2622816860675812	0.6599246859550476	0.4469890892505646	0.3077363669872284
0.7955041527748108	0.6220122575759888	0.5732204914093018	0.47040238976478577	0.4156055450439453	0.4089016616344452	0.3654892146587372	0.5449514985084534	0.45677950978279114	0.4636460244655609	0.3834446966648102	0.36792972683906555	0.7765478491783142	0.3901667892932892	0.542155921459198	0.5597377419471741	0.21661686897277832	0.24365197122097015	0.6460761427879333	0.5127084255218506	0.3218933939933777
0.767770528793335	0.5905210375785828	0.5448839068412781	0.4798834025859833	0.4498884379863739	0.4469790756702423	0.40126800537109375	0.48559099435806274	0.47108379006385803	0.4776020050048828	0.42686066031455994	0.36387279629707336	0.722808837890625	0.34269872307777405	0.48953890800476074	0.49883928894996643	0.23039750754833221	0.2555021643638611	0.6273449659347534	0.42981022596359253	0.3182540535926819
0.7815456390380859	0.6017135381698608	0.5559292435646057	0.4239971339702606	0.4143020212650299	0.40310588479042053	0.3476465046405792	0.5237772464752197	0.40463098883628845	0.41182971000671387	0.3796769678592682	0.3507890999317169	0.7624374628067017	0.37104788422584534	0.5097037553787231	0.5541261434555054	0.1811659336090088	0.20265504717826843	0.600770890712738	0.4805299639701843	0.3062005043029785
0.803443431854248	0.59410160779953	0.5748631954193115	0.5100610852241516	0.4384213984012604	0.42045214772224426	0.37715286016464233	0.5162405371665955	0.4879799783229828	0.49421387910842896	0.4153454005718231	0.36062660813331604	0.7393292784690857	0.4327734410762787	0.5502018332481384	0.5776990652084351	0.21837837994098663	0.24866506457328796	0.6583917737007141	0.47748494148254395	0.31941285729408264
0.8387529253959656	0.5710598826408386	0.5361597537994385	0.5196722149848938	0.48522329330444336	0.47682249546051025	0.4259694218635559	0.4650343954563141	0.4951097369194031	0.5001946687698364	0.4501236081123352	0.35424384474754333	0.758407711982727	0.39104562997817993	0.5073623061180115	0.6546410918235779	0.19292664527893066	0.28526851534843445	0.6651602387428284	0.43557828664779663	0.3038901388645172
0.7831510305404663	0.5680902004241943	0.5312711596488953	0.469135582447052	0.463623970746994	0.45069244503974915	0.3468569815158844	0.5201887488365173	0.439204603433609	0.44420498609542847	0.4319014847278595	0.309784859418869	0.743635356426239	0.44824308156967163	0.5345306396484375	0.6356417536735535	0.17065711319446564	0.21261048316955566	0.5917258262634277	0.48076796531677246	0.2579939663410187
0.8534731864929199	0.445107638835907	0.4752292335033417	0.5586512684822083	0.47420716285705566	0.42338383197784424	0.3788536489009857	0.4094315469264984	0.515471875667572	0.5192915201187134	0.4706009328365326	0.3030998706817627	0.562595009803772	0.46086421608924866	0.5407069325447083	0.7216970324516296	0.1657746583223343	0.3113953769207001	0.6237444281578064	0.3302551507949829	0.2588394284248352
0.8136898279190063	0.43084046244621277	0.43322664499282837	0.5628088116645813	0.4871166944503784	0.4605720341205597	0.3868081271648407	0.3736226260662079	0.5167633295059204	0.5195840001106262	0.48466846346855164	0.2845200002193451	0.5714946389198303	0.4192245304584503	0.49662402272224426	0.7982286810874939	0.16271154582500458	0.30538496375083923	0.6279703378677368	0.26768264174461365	0.24110986292362213
0.7796318531036377	0.44570624828338623	0.37294650077819824	0.505118727684021	0.5248514413833618	0.4873510003089905	0.4124281704425812	0.4700982868671417	0.46499839425086975	0.468440979719162	0.5015293955802917	0.21215268969535828	0.5939831733703613	0.41401246190071106	0.485462486743927	0.8328238129615784	0.2250681072473526	0.3059830665588379	0.6475952863693237	0.35224878787994385	0.17087921500205994
0.816482663154602	0.3880781829357147	0.32422974705696106	0.5801500082015991	0.5202280282974243	0.5049346089363098	0.4556030035018921	0.4474250376224518	0.5492624640464783	0.5531901717185974	0.5326958894729614	0.18089352548122406	0.505338191986084	0.3412092924118042	0.4779423475265503	0.8425806760787964	0.1884101778268814	0.2933884561061859	0.6625990867614746	0.25307586789131165	0.15129613876342773
0.6920255422592163	0.2465745359659195	0.24824711680412292	0.6224610805511475	0.5613274574279785	0.5749404430389404	0.5651313066482544	0.3096005618572235	0.5844176411628723	0.5872601866722107	0.5978297591209412	0.1787078082561493	0.4370902180671692	0.2907322645187378	0.3324580788612366	0.8460283875465393	0.2369101196527481	0.3598010241985321	0.6648135185241699	0.06116729974746704	0.16155663132667542
0.7841328978538513	0.4283926486968994	0.2072475105524063	0.5240379571914673	0.5013787746429443	0.4577168822288513	0.3878284692764282	0.4666815400123596	0.49115827679634094	0.4946339428424835	0.5152492523193359	0.23100173473358154	0.5367891788482666	0.2735718786716461	0.3578249514102936	0.877023458480835	0.3222143054008484	0.38328269124031067	0.6876487731933594	0.22766000032424927	0.1829911470413208
0.8473376035690308	0.37690824270248413	0.20449019968509674	0.45467740297317505	0.5803211331367493	0.5082815885543823	0.4155257046222687	0.37237241864204407	0.3982374370098114	0.39904510974884033	0.6016353368759155	0.1552952080965042	0.4437360167503357	0.2716953754425049	0.366447776556015	0.9366413354873657	0.3228229284286499	0.40449318289756775	0.6190443634986877	0.176476389169693	0.11267221719026566
0.9888330698013306	0.28082919120788574	0.12836408615112305	0.41585180163383484	0.5823681354522705	0.5010652542114258	0.43614697456359863	0.3280232548713684	0.36634933948516846	0.36793312430381775	0.6278066635131836	0.14825254678726196	0.394966185092926	0.17416344583034515	0.2675626873970032	0.8969274759292603	0.2684054970741272	0.34610581398010254	0.6146695017814636	0.09759946167469025	0.11713365465402603
0.9487190246582031	0.2558165192604065	0.0	0.2916465997695923	0.4712555706501007	0.43553996086120605	0.3526953458786011	0.4152257442474365	0.275006502866745	0.27994588017463684	0.50112384557724	0.15894491970539093	0.3831758499145508	0.0	0.15461254119873047	0.8637610077857971	0.22191569209098816	0.27955907583236694	0.5267696380615234	0.0738857090473175	0.1109037771821022
0.9586660861968994	0.42336222529411316	0.19266781210899353	0.51252681016922	0.5469179153442383	0.5534473061561584	0.4667574167251587	0.44862499833106995	0.4624817371368408	0.4646601676940918	0.5820121765136719	0.18430674076080322	0.4688413441181183	0.1511501967906952	0.38975420594215393	0.8497318029403687	0.36545610427856445	0.5160111784934998	0.7077206969261169	0.19769665598869324	0.14684221148490906
0.8791294097900391	0.3245154917240143	0.34926551580429077	0.6167126297950745	0.6000810861587524	0.6081830859184265	0.5347553491592407	0.32041966915130615	0.5637090802192688	0.56337571144104	0.6403264403343201	0.1619851440191269	0.4509696364402771	0.279876708984375	0.45254501700401306	0.8580359220504761	0.28905734419822693	0.24538567662239075	0.7622717618942261	0.1633884608745575	0.15428641438484192
0.845467746257782	0.33571335673332214	0.30538129806518555	0.5100850462913513	0.5978197455406189	0.5686789751052856	0.4929748475551605	0.25975263118743896	0.4562760591506958	0.456636905670166	0.6456993818283081	0.2903517484664917	0.4151989221572876	0.2174215465784073	0.36227142810821533	0.8005200624465942	0.34154555201530457	0.4310001730918884	0.6714091897010803	0.13116495311260223	0.23823004961013794
0.9670116901397705	0.31850922107696533	0.2340392917394638	0.40265876054763794	0.49252578616142273	0.445977121591568	0.38866961002349854	0.3736198842525482	0.3607861399650574	0.36574071645736694	0.5487852692604065	0.3054400086402893	0.41532742977142334	0.1813802868127823	0.28564944863319397	0.7297326326370239	0.31004756689071655	0.4364786446094513	0.5961834788322449	0.16674797236919403	0.24299058318138123
0.8018692135810852	0.3815951943397522	0.44384390115737915	0.6394295692443848	0.4689335227012634	0.4607449769973755	0.3727441132068634	0.3846719563007355	0.6021983027458191	0.6049738526344299	0.5455538034439087	0.3707086145877838	0.4784661531448364	0.44929102063179016	0.49953022599220276	0.7076612114906311	0.2597120404243469	0.48836952447891235	0.6921766400337219	0.1802566945552826	0.31807762384414673
0.7937042713165283	0.5102212429046631	0.5862278342247009	0.8624948263168335	0.47610655426979065	0.5277921557426453	0.46080973744392395	0.40452152490615845	0.8378610014915466	0.8389201760292053	0.5429010391235352	0.47528401017189026	0.6049073338508606	0.5750910639762878	0.6487594842910767	0.7333402633666992	0.36222949624061584	0.6204518675804138	0.8873432874679565	0.2908341884613037	0.4171411395072937
0.8014090657234192	0.32185763120651245	0.389557421207428	0.5602737069129944	0.4906100034713745	0.5086249113082886	0.3441350758075714	0.3166102468967438	0.5176613330841064	0.5206552147865295	0.5853891372680664	0.3856596052646637	0.42954909801483154	0.36878907680511475	0.3822755217552185	0.6538938879966736	0.1911441683769226	0.5024490356445312	0.572782576084137	0.06741583347320557	0.32687753438949585
0.9371050000190735	0.44388547539711	0.48903241753578186	0.5281591415405273	0.4366503059864044	0.43264493346214294	0.22424714267253876	0.45954665541648865	0.5093358159065247	0.5140218734741211	0.5146812200546265	0.4637549817562103	0.4690697193145752	0.5128058195114136	0.5268053412437439	0.46507373452186584	0.2337682694196701	0.5534814596176147	0.5240172743797302	0.3115899860858917	0.39119160175323486
0.8324773907661438	0.4710828363895416	0.5118280649185181	0.64424067735672	0.43816298246383667	0.4346208870410919	0.33099716901779175	0.46549999713897705	0.6230065226554871	0.6255883574485779	0.5161212682723999	0.41905462741851807	0.549561619758606	0.5184578895568848	0.5936986804008484	0.6345769762992859	0.28773969411849976	0.5381439328193665	0.7119526267051697	0.3110029697418213	0.36313724517822266
0.7391947507858276	0.5454424023628235	0.6444286704063416	0.7471104264259338	0.3692469894886017	0.42478200793266296	0.27791136503219604	0.5089921355247498	0.7400369048118591	0.7445558905601501	0.44037488102912903	0.5348588228225708	0.6345606446266174	0.6753222942352295	0.6881210803985596	0.5191076397895813	0.1922156661748886	0.518837571144104	0.6929973363876343	0.4049318730831146	0.46760067343711853
0.5008588433265686	0.5950102806091309	0.7803183197975159	0.8546407222747803	0.3571396470069885	0.3963983654975891	0.2717996835708618	0.5272145867347717	0.8537318706512451	0.8572807312011719	0.41379794478416443	0.5862615704536438	0.6554611325263977	0.8881025314331055	0.8213130235671997	0.5657528638839722	0.28720009326934814	0.5545002222061157	0.7438986897468567	0.480180025100708	0.5135525465011597
0.5783279538154602	0.5214279294013977	0.6749515533447266	0.8511082530021667	0.4117206335067749	0.5255239605903625	0.41301822662353516	0.5956961512565613	0.8670869469642639	0.8693352341651917	0.4658961594104767	0.34583809971809387	0.7114723920822144	0.7273924946784973	0.7808384895324707	0.7614300847053528	0.19954870641231537	0.2566640377044678	0.8733561038970947	0.4396349787712097	0.33061251044273376
0.7572630047798157	0.5233558416366577	0.6077220439910889	0.7177324295043945	0.4931667745113373	0.5152120590209961	0.39471539855003357	0.4900208115577698	0.7019562125205994	0.7034647464752197	0.5507622957229614	0.35778138041496277	0.6314160823822021	0.5922670960426331	0.6727378368377686	0.7339434623718262	0.2698630094528198	0.3439871370792389	0.8001449704170227	0.38675621151924133	0.3159943222999573
0.7633630633354187	0.531919538974762	0.6882294416427612	0.794628381729126	0.4932781159877777	0.5369830131530762	0.4316968023777008	0.4286772608757019	0.7669544219970703	0.7686550617218018	0.5674741864204407	0.4942415952682495	0.630556583404541	0.6372330188751221	0.6995512247085571	0.5439609289169312	0.2963915467262268	0.6088759899139404	0.7907662391662598	0.3727865517139435	0.4415123462677002
0.681029736995697	0.5587701797485352	0.7173522114753723	1.0	0.48416033387184143	0.6280071139335632	0.5276639461517334	0.4414326548576355	1.0	1.0	0.5513075590133667	0.4526580274105072	0.7219838500022888	0.6969531774520874	0.7894352674484253	0.6217973232269287	0.292108416557312	0.5379466414451599	0.9748868346214294	0.35359299182891846	0.4362392723560333
0.7735466361045837	0.5605783462524414	0.6255179047584534	0.8354732394218445	0.5496155023574829	0.6080212593078613	0.5608839988708496	0.4364246428012848	0.7979635000228882	0.7962624430656433	0.5824257135391235	0.28752970695495605	0.6936851143836975	0.5093430876731873	0.7403857111930847	0.824280321598053	0.3759128749370575	0.3222963213920593	1.0	0.4399430751800537	0.28617265820503235
0.6588546633720398	0.4521913230419159	0.5549145936965942	0.7195836305618286	0.6107338070869446	0.6263285875320435	0.5705639719963074	0.36023446917533875	0.67239910364151	0.671135425567627	0.6323515176773071	0.21402966976165771	0.6524900794029236	0.4302392601966858	0.5985779166221619	0.8246068954467773	0.32224369049072266	0.19485126435756683	0.898510217666626	0.34935006499290466	0.21426063776016235
0.6986877918243408	0.5327655076980591	0.509747326374054	0.5662246942520142	0.41566941142082214	0.3809279501438141	0.40402522683143616	0.5754799842834473	0.5500593185424805	0.5529876947402954	0.42453011870384216	0.22227662801742554	0.710818886756897	0.4196107089519501	0.6397892832756042	0.7833275198936462	0.2950073182582855	0.0927368700504303	0.8353265523910522	0.5350902676582336	0.2133612483739853
0.7214560508728027	0.4741036295890808	0.44725945591926575	0.45271772146224976	0.36723873019218445	0.3046247661113739	0.2875502109527588	0.5468044281005859	0.4345598518848419	0.4386458694934845	0.3760932683944702	0.21519272029399872	0.6142807006835938	0.4372534453868866	0.5761693120002747	0.7198472619056702	0.21776044368743896	0.040975749492645264	0.6422153115272522	0.46971383690834045	0.2018945813179016
0.6781187653541565	0.5442534685134888	0.47201189398765564	0.5033795237541199	0.33181044459342957	0.33572569489479065	0.3127003610134125	0.6637799739837646	0.48965543508529663	0.49440672993659973	0.33581140637397766	0.20944920182228088	0.6368620991706848	0.4034818410873413	0.652255654335022	0.7000603675842285	0.22867347300052643	0.004152902867645025	0.6697006225585938	0.5510727763175964	0.20188167691230774
0.4286988377571106	0.7886793613433838	0.725207507610321	0.37938275933265686	0.004209520760923624	0.028171904385089874	0.0785774290561676	0.8310777544975281	0.3785313069820404	0.39973878860473633	0.02431808039546013	0.6017788648605347	0.6392669081687927	0.7178308963775635	0.6237733364105225	0.42720088362693787	0.34280380606651306	0.3294164836406708	0.5056039690971375	0.8028756380081177	0.5976502895355225
0.38374459743499756	0.8235153555870056	0.7704211473464966	0.44682419300079346	0.24930192530155182	0.29305869340896606	0.3264321982860565	0.6202520728111267	0.41390928626060486	0.43369704484939575	0.2681635022163391	0.7051011323928833	0.6170254349708557	0.7541345357894897	0.4788840413093567	0.2774353325366974	0.578424870967865	0.7891855835914612	0.5317733287811279	0.7304142713546753	0.6954271197319031
0.41865938901901245	0.8132988810539246	0.7582143545150757	0.3913516700267792	0.26140591502189636	0.3195302188396454	0.3601565659046173	0.5395441651344299	0.36700570583343506	0.38697776198387146	0.27968740463256836	0.7733511924743652	0.6147874593734741	0.6756208539009094	0.38587379455566406	0.2395784854888916	0.6322026252746582	0.8574356436729431	0.4895986318588257	0.6496213674545288	0.7541155815124512
0.24428240954875946	0.8957422375679016	0.9084677696228027	0.45905447006225586	0.24483640491962433	0.3109349310398102	0.3380682170391083	0.5819016695022583	0.4252634346485138	0.4478515684604645	0.2798091471195221	0.873347818851471	0.627495527267456	0.8766528964042664	0.4368971288204193	0.1099262610077858	0.6931950449943542	0.9498807191848755	0.5267133712768555	0.7515891790390015	0.865410566329956
0.08266379684209824	0.790034294128418	0.9574892520904541	0.3571496903896332	0.1051948294043541	0.1878659427165985	0.2761879861354828	0.6451659798622131	0.32753440737724304	0.353177547454834	0.12495318055152893	0.8838420510292053	0.588715672492981	0.9357944130897522	0.4284812808036804	0.08255884796380997	0.6564628481864929	0.7603545188903809	0.4171369671821594	0.7961938977241516	0.8840059638023376
0.0	0.5428147315979004	0.8750455975532532	0.45412057638168335	0.15449142456054688	0.16995008289813995	0.3528258204460144	0.42776116728782654	0.41080304980278015	0.43649765849113464	0.1833142638206482	1.0	0.45574435591697693	0.9525088667869568	0.17381349205970764	0.0	0.7906729578971863	0.892670750617981	0.5190187096595764	0.546485185623169	1.0
0.07167021930217743	0.5177264213562012	0.8647921085357666	0.4961830973625183	0.24072125554084778	0.30608728528022766	0.45734351873397827	0.47940167784690857	0.46151110529899597	0.4838869571685791	0.26338642835617065	0.8116270899772644	0.5144267678260803	0.8540470004081726	0.3072911202907562	0.14529067277908325	0.6662210822105408	0.7632400989532471	0.5884346961975098	0.5766813158988953	0.8191716074943542
0.13513217866420746	0.7062947154045105	0.9992637634277344	0.4994046986103058	0.1500997543334961	0.1868467926979065	0.41435691714286804	0.7026832699775696	0.4764270782470703	0.4992726147174835	0.1405736654996872	0.8466699123382568	0.7285772562026978	0.915585458278656	0.4903855323791504	0.15683099627494812	0.6461634635925293	0.7739787101745605	0.6836718916893005	0.8743628263473511	0.8442346453666687
0.061217281967401505	0.6378647685050964	1.0	0.6055473685264587	0.42504483461380005	0.4702499508857727	0.649130642414093	0.5967105031013489	0.546772837638855	0.5612162351608276	0.4367049038410187	0.7018551230430603	0.7798874974250793	1.0	0.48626798391342163	0.08910192549228668	0.7415964603424072	0.8722831010818481	0.7105752825737	0.7844046950340271	0.7176132798194885
0.0839986801147461	0.2926011383533478	0.750791072845459	0.6889592409133911	0.8861953020095825	1.0	1.0	0.1313869208097458	0.5892704725265503	0.5920532941818237	0.9433646202087402	0.37163275480270386	0.47820013761520386	0.7068021297454834	0.3491221070289612	0.2604168951511383	0.6844046711921692	0.9000462293624878	0.6482534408569336	0.23730291426181793	0.40042799711227417
0.39029809832572937	0.5407974123954773	0.8422920107841492	0.5709736347198486	0.4621371328830719	0.5004685521125793	0.6179430484771729	0.5986247658729553	0.4910401701927185	0.49755215644836426	0.43659311532974243	0.43580466508865356	0.7796924710273743	0.8097546100616455	0.621964156627655	0.5406264662742615	0.488699346780777	0.6211839318275452	0.6870283484458923	0.7192858457565308	0.43341657519340515
0.32490074634552	0.5221011638641357	0.8849429488182068	0.6373413801193237	0.4233708083629608	0.4486613869667053	0.6161895990371704	0.5791326761245728	0.5639356374740601	0.5721348524093628	0.42619773745536804	0.5238231420516968	0.6857795715332031	0.8873026967048645	0.5971167087554932	0.35935163497924805	0.6088114380836487	0.7134393453598022	0.7028471231460571	0.6819851994514465	0.5338252782821655
0.2629891037940979	0.6485267281532288	0.8286834359169006	0.6694315075874329	0.7311908602714539	0.8122700452804565	0.8415693044662476	0.4649186134338379	0.6023179292678833	0.6092365980148315	0.7387089133262634	0.5344878435134888	0.7397143244743347	0.8420183658599854	0.49278923869132996	0.18738864362239838	0.8032492995262146	1.0	0.7950361371040344	0.637610912322998	0.5412279963493347
0.50962233543396	0.664015531539917	0.7344045639038086	0.5478131175041199	0.22553887963294983	0.2874451279640198	0.3710762560367584	0.8549054265022278	0.5271141529083252	0.5382111072540283	0.21441802382469177	0.44198521971702576	0.8814185261726379	0.8002066016197205	0.690360963344574	0.4285106658935547	0.405134379863739	0.32601073384284973	0.6969078183174133	0.8228833079338074	0.4334432780742645
0.4841386079788208	0.5687316656112671	0.612758457660675	0.5603328943252563	0.26566800475120544	0.3138050138950348	0.3909545838832855	0.7716108560562134	0.53988116979599	0.5497620105743408	0.2534753382205963	0.4018465280532837	0.8026559352874756	0.6793887615203857	0.6129807233810425	0.47551727294921875	0.3876177966594696	0.296897828578949	0.700218141078949	0.6912730932235718	0.38530102372169495
0.4210240840911865	0.6697971224784851	0.7121777534484863	0.5744565725326538	0.5051305294036865	0.5841493606567383	0.6000416278839111	0.6600515246391296	0.5528976917266846	0.5623698234558105	0.5106915235519409	0.4319286048412323	0.8590619564056396	0.712488055229187	0.5722727179527283	0.3305937647819519	0.5056622624397278	0.5554802417755127	0.7611513733863831	0.6991704106330872	0.42484501004219055
0.62381511926651	0.9503383636474609	0.6112152338027954	0.515940248966217	0.2507926821708679	0.19987380504608154	0.2315874844789505	1.0	0.5225018858909607	0.533006489276886	0.202036514878273	0.4829353392124176	1.0	0.6967822313308716	0.7148824334144592	0.47463276982307434	0.5300948023796082	0.41659051179885864	0.8819197416305542	1.0	0.4412621259689331
0.6015610098838806	0.8327811360359192	0.5510925650596619	0.5547938942909241	0.24715854227542877	0.22862069308757782	0.2649964988231659	0.833900511264801	0.5569738745689392	0.5666554570198059	0.21704913675785065	0.498108446598053	0.9021112322807312	0.6283209323883057	0.6164484620094299	0.4973159730434418	0.48503002524375916	0.4213123023509979	0.8314095139503479	0.7917661666870117	0.46204009652137756
0.6652743816375732	0.7326724529266357	0.44981855154037476	0.5333315134048462	0.2778688073158264	0.2735443711280823	0.2385822981595993	0.7565528154373169	0.5354439616203308	0.5442503094673157	0.2610679864883423	0.41815030574798584	0.7393946051597595	0.55976802110672	0.5650516152381897	0.45951220393180847	0.48664727807044983	0.2701590955257416	0.74934983253479	0.6514604687690735	0.3964678645133972
0.32616955041885376	0.8671339750289917	0.6789454817771912	0.41351285576820374	0.07352694869041443	0.15148460865020752	0.15554378926753998	0.771173894405365	0.4252653419971466	0.448031485080719	0.08352303504943848	0.7240598797798157	0.7792395949363708	0.6975637674331665	0.4259287714958191	0.15011900663375854	0.4960828423500061	0.4377881586551666	0.5995342135429382	0.7482663989067078	0.717591404914856
0.38899219036102295	0.9322450160980225	0.6682443022727966	0.280133455991745	0.0	0.0	0.0	0.866134524345398	0.3071468770503998	0.33075690269470215	0.004420095589011908	0.6913313865661621	0.7575425505638123	0.6221051812171936	0.5510908961296082	0.3721104562282562	0.39544594287872314	0.36720141768455505	0.5546692609786987	0.8711153864860535	0.6532412767410278
0.3808807134628296	0.9102665781974792	0.727441668510437	0.38274243474006653	0.21059772372245789	0.25053441524505615	0.2596810758113861	0.6575245261192322	0.36230409145355225	0.3823941648006439	0.22331568598747253	0.7419063448905945	0.6729426383972168	0.636394739151001	0.4775114953517914	0.2885364890098572	0.5961851477622986	0.7732135653495789	0.5291481018066406	0.7480933666229248	0.71327805519104
0.5896610617637634	0.8573614954948425	0.6374871134757996	0.23183372616767883	0.188161700963974	0.1459839642047882	0.0936528667807579	0.7331448197364807	0.22407963871955872	0.24197953939437866	0.1826513260602951	0.5406984090805054	0.5401549935340881	0.594693124294281	0.6173627972602844	0.5844684839248657	0.3810138702392578	0.5532611012458801	0.3681252896785736	0.82015061378479	0.511301577091217
0.5814498662948608	1.0	0.7210813760757446	0.23406724631786346	0.0004106833366677165	0.015203049406409264	0.005239332094788551	0.8634439706802368	0.22279493510723114	0.24656306207180023	0.0	0.6675873398780823	0.6995658278465271	0.6282423138618469	0.6140211224555969	0.4646260440349579	0.3507908880710602	0.48958107829093933	0.40839049220085144	0.9057737588882446	0.6382420659065247
0.7190245389938354	0.7872176170349121	0.5163120627403259	0.2560810148715973	0.41678139567375183	0.3973478376865387	0.26356998085975647	0.5142468810081482	0.23482342064380646	0.2487163096666336	0.4236483573913574	0.4622730612754822	0.40232983231544495	0.45915019512176514	0.5675532817840576	0.7341424822807312	0.40380412340164185	0.7511410117149353	0.37978824973106384	0.6229979991912842	0.42623069882392883
0.8243027925491333	0.688795268535614	0.3713899254798889	0.23481962084770203	0.6871944069862366	0.5877822041511536	0.3697425127029419	0.4453094005584717	0.19308702647686005	0.19577154517173767	0.684502363204956	0.18035268783569336	0.388185054063797	0.3881911635398865	0.6179419159889221	0.8901000022888184	0.38436418771743774	0.6938425898551941	0.3184557855129242	0.5467138290405273	0.13424108922481537
0.7791216969490051	0.5888735055923462	0.3964155316352844	0.41015103459358215	0.7752385139465332	0.7862722873687744	0.5895458459854126	0.3214419186115265	0.3640744686126709	0.36284229159355164	0.7734717130661011	0.1155155673623085	0.46001097559928894	0.28580451011657715	0.6231448650360107	0.8642176389694214	0.30080410838127136	0.6254995465278625	0.4466729164123535	0.38855570554733276	0.09297487139701843
0.6584203839302063	0.5123226046562195	0.38221949338912964	0.35918280482292175	0.756618082523346	0.7381753921508789	0.48271891474723816	0.3263764977455139	0.31467828154563904	0.3141486644744873	0.7820147275924683	0.11446381360292435	0.4207746088504791	0.3290995657444	0.5586641430854797	0.7488236427307129	0.2836182713508606	0.5840305685997009	0.344058096408844	0.3184353709220886	0.0914461612701416
0.7899428606033325	0.712877631187439	0.48323923349380493	0.423549622297287	0.6093907952308655	0.6478523015975952	0.4175051748752594	0.47156864404678345	0.37114864587783813	0.37464475631713867	0.6381768584251404	0.22751273214817047	0.615123450756073	0.3789360523223877	0.601245105266571	0.6875315308570862	0.25915056467056274	0.5401692986488342	0.4758262038230896	0.437684029340744	0.19817405939102173
0.7266902327537537	0.5579842925071716	0.42381247878074646	0.3070828914642334	0.6230688691139221	0.5893083810806274	0.3879084885120392	0.4235019087791443	0.2677944600582123	0.26988738775253296	0.6331680417060852	0.16236811876296997	0.39440152049064636	0.3708067834377289	0.6305665969848633	0.7867900729179382	0.28079795837402344	0.4921926259994507	0.320726215839386	0.4612825810909271	0.13574227690696716
0.5473902821540833	0.34405091404914856	0.32058247923851013	0.24902893602848053	0.6520223617553711	0.5996134877204895	0.4213939607143402	0.32014793157577515	0.22065818309783936	0.22214888036251068	0.6608924269676208	0.12499984353780746	0.3463912606239319	0.27624762058258057	0.4229726195335388	0.6762946248054504	0.32474225759506226	0.4318993389606476	0.3025684952735901	0.2503093481063843	0.10335943847894669
0.6183731555938721	0.510167121887207	0.5008431673049927	0.40880876779556274	0.6247925162315369	0.5738726258277893	0.41091570258140564	0.4337707459926605	0.36196327209472656	0.3659712076187134	0.6633942127227783	0.2024141103029251	0.5229257345199585	0.47617003321647644	0.5262109637260437	0.5495935082435608	0.28379520773887634	0.48250913619995117	0.476259708404541	0.38731592893600464	0.191382497549057
0.7269314527511597	0.7638431787490845	0.5998159050941467	0.36732885241508484	0.47156640887260437	0.39789700508117676	0.31561553478240967	0.705578088760376	0.324482262134552	0.33193784952163696	0.48528236150741577	0.24674388766288757	0.6578565239906311	0.5733084678649902	0.690946102142334	0.5761032104492188	0.3826684057712555	0.45531538128852844	0.5959905982017517	0.7358095049858093	0.2399604171514511
0.6992486119270325	0.508894145488739	0.3500259220600128	0.34354299306869507	0.5034560561180115	0.48541751503944397	0.36202728748321533	0.49364471435546875	0.3140447437763214	0.3180192708969116	0.5185927748680115	0.1904071718454361	0.47173750400543213	0.31699222326278687	0.4941403269767761	0.5173507928848267	0.3993402123451233	0.4125659465789795	0.4457108676433563	0.3846214711666107	0.17631588876247406
0.6382721066474915	0.44218528270721436	0.4326375126838684	0.4243052899837494	0.5923017859458923	0.5558083653450012	0.44349101185798645	0.4351809322834015	0.40779009461402893	0.41072919964790344	0.6031871438026428	0.22934633493423462	0.4832080006599426	0.4108985960483551	0.5140975713729858	0.5302043557167053	0.4313165247440338	0.4776301681995392	0.5472168326377869	0.3821669816970825	0.20655161142349243
0.6591650247573853	0.603929340839386	0.6167641282081604	0.5011951327323914	0.48308679461479187	0.4211648404598236	0.35309895873069763	0.6071151494979858	0.48016253113746643	0.4859345257282257	0.5023180246353149	0.27963000535964966	0.6199238300323486	0.5818418860435486	0.7056310772895813	0.6145147681236267	0.34084823727607727	0.4142061769962311	0.6486289501190186	0.597588300704956	0.2557377219200134
0.6296785473823547	0.5579468011856079	0.5426666140556335	0.49607622623443604	0.4399595856666565	0.39100995659828186	0.34834787249565125	0.5339418053627014	0.4760514199733734	0.4817293584346771	0.45693787932395935	0.3030793368816376	0.5963205099105835	0.5170213580131531	0.5978137254714966	0.6329967975616455	0.32628974318504333	0.35064366459846497	0.6439943909645081	0.4783288836479187	0.2807033061981201
0.7223030924797058	0.5557938814163208	0.5287408828735352	0.47223082184791565	0.6000230312347412	0.4689536392688751	0.4335711598396301	0.4774461090564728	0.49667781591415405	0.501305878162384	0.6075973510742188	0.25959843397140503	0.5501985549926758	0.5585030317306519	0.5266886353492737	0.5051255822181702	0.5775731801986694	0.37884077429771423	0.72772216796875	0.4735049307346344	0.2589383125305176
0.7494808435440063	0.5380247235298157	0.508906364440918	0.4388912618160248	0.5683717727661133	0.5184198617935181	0.391301691532135	0.489398330450058	0.41404280066490173	0.41800373792648315	0.5769049525260925	0.25883278250694275	0.49561819434165955	0.4557718336582184	0.5819265246391296	0.5721689462661743	0.37851881980895996	0.40810415148735046	0.5859111547470093	0.45455145835876465	0.23179392516613007
0.6380770206451416	0.5793718695640564	0.5675432682037354	0.47869443893432617	0.4632493257522583	0.3935396373271942	0.34356656670570374	0.5812816023826599	0.46042922139167786	0.4663258492946625	0.47520825266838074	0.28839561343193054	0.5878884792327881	0.5469976663589478	0.6612268090248108	0.6279088854789734	0.35304731130599976	0.3766252398490906	0.6519230604171753	0.5529246926307678	0.2640748918056488
0.6039065718650818	0.5536657571792603	0.607289731502533	0.5840295553207397	0.5309897065162659	0.5229575634002686	0.4598323702812195	0.5009586215019226	0.5709800124168396	0.574386715888977	0.5486037731170654	0.26876625418663025	0.6150223612785339	0.5364616513252258	0.6914964318275452	0.6562345623970032	0.35045507550239563	0.3181144893169403	0.7561883926391602	0.48868298530578613	0.25864842534065247
0.7077337503433228	0.6811059713363647	0.7995550632476807	0.6174346208572388	0.5519901514053345	0.3634280562400818	0.3905763328075409	0.5919961929321289	0.6438561081886292	0.6498061418533325	0.5705791711807251	0.31397250294685364	0.7331076264381409	0.8415001034736633	0.7299845814704895	0.525984525680542	0.5197514295578003	0.31623104214668274	0.8761023879051208	0.6876316666603088	0.3214491009712219
0.6398619413375854	0.5636866688728333	0.5841036438941956	0.48342567682266235	0.5092791318893433	0.45817598700523376	0.36941829323768616	0.5563637018203735	0.4595588743686676	0.463857501745224	0.524898886680603	0.2532272934913635	0.5781254768371582	0.5267709493637085	0.6819899082183838	0.633210301399231	0.3045448064804077	0.32374221086502075	0.6341689229011536	0.5266340374946594	0.23161353170871735
0.7320864796638489	0.5419418215751648	0.4832749664783478	0.4508117735385895	0.6212500333786011	0.5992918014526367	0.4360698461532593	0.47289496660232544	0.4190399646759033	0.4215848445892334	0.6221914887428284	0.2293824553489685	0.4840146601200104	0.4117482006549835	0.5741833448410034	0.5535061955451965	0.3902330696582794	0.40952610969543457	0.5809928178787231	0.43299442529678345	0.20526383817195892
0.6012637615203857	0.559995710849762	0.5879629254341125	0.5363585352897644	0.5410763621330261	0.5173684358596802	0.40803980827331543	0.5429285168647766	0.5052902102470398	0.5079072713851929	0.5519407987594604	0.22706060111522675	0.5876014232635498	0.537540078163147	0.704169750213623	0.655031144618988	0.2920682728290558	0.31810349225997925	0.6404510736465454	0.5125653743743896	0.20489951968193054
0.7471216320991516	0.5235752463340759	0.48048558831214905	0.4523671269416809	0.6246197819709778	0.6029190421104431	0.4368855357170105	0.4496593475341797	0.4210842251777649	0.42344292998313904	0.6261547207832336	0.2339169681072235	0.46397534012794495	0.41500192880630493	0.5589035749435425	0.5567576885223389	0.3886484205722809	0.41573214530944824	0.5687141418457031	0.4080905318260193	0.20701786875724792
0.6148972511291504	0.49394112825393677	0.5001443028450012	0.32026776671409607	0.5771936178207397	0.4856712222099304	0.31250104308128357	0.45803460478782654	0.30844658613204956	0.31283193826675415	0.5738828182220459	0.2834101915359497	0.44058534502983093	0.4486720860004425	0.5181496739387512	0.5256876349449158	0.43147850036621094	0.4518524706363678	0.4601348638534546	0.46780648827552795	0.24157094955444336
0.7475245594978333	0.5531489253044128	0.5578656196594238	0.4763987958431244	0.6163487434387207	0.5835797786712646	0.43946772813796997	0.5183525681495667	0.4535065293312073	0.4562555253505707	0.6238345503807068	0.256208598613739	0.5645758509635925	0.48271217942237854	0.6271512508392334	0.5350652933120728	0.38637617230415344	0.4624195396900177	0.6299402713775635	0.5234529972076416	0.22800467908382416
0.711012601852417	0.46268779039382935	0.5227586627006531	0.503126323223114	0.6595684885978699	0.6510064005851746	0.46436598896980286	0.3929242789745331	0.4728488624095917	0.47481220960617065	0.678044319152832	0.2528170943260193	0.4811705946922302	0.425231009721756	0.5416685342788696	0.5358126759529114	0.32681480050086975	0.44888439774513245	0.5727332830429077	0.3401806354522705	0.22429876029491425
0.613993763923645	0.4216713309288025	0.4678054749965668	0.44423767924308777	0.6148017048835754	0.5785897970199585	0.39836302399635315	0.40329501032829285	0.4130277931690216	0.41647133231163025	0.6490015387535095	0.23645928502082825	0.44551506638526917	0.4483017921447754	0.4978417456150055	0.48504555225372314	0.3299715220928192	0.4447282552719116	0.47019967436790466	0.32160311937332153	0.21695317327976227
0.5563223958015442	0.48424383997917175	0.5716643333435059	0.5553848147392273	0.5684969425201416	0.5442467331886292	0.44294577836990356	0.46801242232322693	0.5281951427459717	0.5317050814628601	0.5968062877655029	0.262008398771286	0.5595967769622803	0.5147095322608948	0.6311395168304443	0.5947669744491577	0.307260662317276	0.4481348693370819	0.6288632750511169	0.4234582185745239	0.23819775879383087
0.5336850881576538	0.5888877511024475	0.6651124954223633	0.5445331931114197	0.5555905103683472	0.5235174894332886	0.42185333371162415	0.6202411651611328	0.5267531871795654	0.5307610630989075	0.574582040309906	0.2550525665283203	0.7305821180343628	0.6217196583747864	0.7195611000061035	0.5787677764892578	0.3137708306312561	0.34347108006477356	0.717036783695221	0.6225137114524841	0.2353125959634781
0.45311209559440613	0.41296467185020447	0.47994235157966614	0.35911497473716736	0.5697847008705139	0.5495010018348694	0.3617217242717743	0.49759358167648315	0.33873671293258667	0.3425605297088623	0.5819774866104126	0.18091772496700287	0.526229977607727	0.4530016779899597	0.5197111964225769	0.46522825956344604	0.3138531446456909	0.2373703420162201	0.4346120059490204	0.4034784138202667	0.16276156902313232
0.4116332232952118	0.4712924361228943	0.5532972812652588	0.3915233910083771	0.5340032577514648	0.446858674287796	0.3551163971424103	0.5794470906257629	0.35922113060951233	0.3647521138191223	0.5571262240409851	0.2064039409160614	0.5506629943847656	0.5584635138511658	0.6339100003242493	0.514794111251831	0.2955396771430969	0.3756028413772583	0.5014888048171997	0.551734983921051	0.18915052711963654
0.4314025938510895	0.4732229709625244	0.542509913444519	0.5730825662612915	0.5626724362373352	0.5466511249542236	0.4989010691642761	0.4943242073059082	0.5630291700363159	0.5668008923530579	0.593928337097168	0.2774358093738556	0.5376980304718018	0.4664652645587921	0.6763994097709656	0.571644127368927	0.38287553191185	0.5514548420906067	0.7127780318260193	0.45155271887779236	0.24798916280269623
0.26086488366127014	0.4913228750228882	0.6445761919021606	0.43525320291519165	0.5261379480361938	0.4875020384788513	0.29745131731033325	0.628653347492218	0.428575336933136	0.434116005897522	0.5726251006126404	0.19202882051467896	0.6114397048950195	0.5814562439918518	0.7413758039474487	0.4836214780807495	0.14598196744918823	0.14318503439426422	0.48591962456703186	0.5460814237594604	0.17070333659648895
0.39675432443618774	0.4076650142669678	0.49316149950027466	0.39744383096694946	0.5983379483222961	0.5267709493637085	0.43419989943504333	0.4825837314128876	0.3593099117279053	0.3634040057659149	0.6167911887168884	0.16165459156036377	0.5137773156166077	0.4778391718864441	0.5596656203269958	0.5225705504417419	0.2655344009399414	0.34565269947052	0.4975133240222931	0.41674819588661194	0.15037250518798828
0.42673876881599426	0.49899977445602417	0.5102965235710144	0.49387526512145996	0.4913787543773651	0.4604378342628479	0.43727946281433105	0.5558246374130249	0.4818023145198822	0.4865262806415558	0.5030054450035095	0.25180983543395996	0.546812117099762	0.44974270462989807	0.6758248805999756	0.6013309359550476	0.3778075575828552	0.4409133493900299	0.6659589409828186	0.5023660063743591	0.2262708693742752
0.30639082193374634	0.5554681420326233	0.5826860070228577	0.5367918610572815	0.49288371205329895	0.4681049585342407	0.39569059014320374	0.5906950831413269	0.5403667688369751	0.5453725457191467	0.5185187458992004	0.2721398174762726	0.5713697075843811	0.48956984281539917	0.7562384605407715	0.6277798414230347	0.30455660820007324	0.37903663516044617	0.6742579340934753	0.534554660320282	0.23890823125839233
0.2731430232524872	0.5239390134811401	0.5809266567230225	0.42906653881073	0.46073079109191895	0.43116745352745056	0.2975296080112457	0.628213107585907	0.4245965778827667	0.4309966564178467	0.4816073477268219	0.21032588183879852	0.5618158578872681	0.4815320372581482	0.7303845286369324	0.5986079573631287	0.171371728181839	0.1717034876346588	0.5269938111305237	0.5230828523635864	0.1781761199235916
0.41760700941085815	0.552864134311676	0.5212040543556213	0.5038101077079773	0.4690062701702118	0.4185466170310974	0.4079747200012207	0.5973768830299377	0.4939994513988495	0.4989812970161438	0.4751179814338684	0.2658179700374603	0.6038535237312317	0.4793303608894348	0.6717167496681213	0.637496829032898	0.37842127680778503	0.41490742564201355	0.71329265832901	0.5415048599243164	0.23843026161193848
0.42388561367988586	0.5425746440887451	0.5263465642929077	0.5433911085128784	0.47668853402137756	0.4393891394138336	0.42127761244773865	0.575278639793396	0.5332982540130615	0.5381571054458618	0.48670968413352966	0.2789148986339569	0.5593305826187134	0.4949423670768738	0.6958326101303101	0.6229075193405151	0.38728639483451843	0.4656561315059662	0.7058981657028198	0.5332099795341492	0.248113214969635
0.4172312915325165	0.5526255369186401	0.5679184198379517	0.5396031737327576	0.46690237522125244	0.4310787320137024	0.4034556746482849	0.5840672254562378	0.5367295742034912	0.5421572923660278	0.48488351702690125	0.2905030846595764	0.5677860379219055	0.5010144710540771	0.7325354814529419	0.6233807802200317	0.34617161750793457	0.4289085566997528	0.6906571388244629	0.5430242419242859	0.25746777653694153
0.407095342874527	0.5430886149406433	0.5591232776641846	0.5199143290519714	0.4701276421546936	0.4297473132610321	0.38549110293388367	0.586568295955658	0.5156638622283936	0.5209704637527466	0.4875454306602478	0.26814982295036316	0.5864471793174744	0.5023247599601746	0.7093520164489746	0.6425979137420654	0.3092271387577057	0.37099361419677734	0.6746261715888977	0.5271901488304138	0.2348204404115677
0.5501880645751953	0.546144962310791	0.5803048014640808	0.5526151657104492	0.48206350207328796	0.42790770530700684	0.35227900743484497	0.5515294075012207	0.523200511932373	0.5275857448577881	0.5007573962211609	0.2663121521472931	0.5772724747657776	0.6126840710639954	0.6736419200897217	0.6499319672584534	0.3185490369796753	0.3613692820072174	0.6360594034194946	0.5091888308525085	0.24231621623039246
0.5150476098060608	0.5673189163208008	0.6006492972373962	0.5653510689735413	0.4802857041358948	0.4155206084251404	0.35759684443473816	0.5677942037582397	0.5344681143760681	0.538686215877533	0.49821406602859497	0.2692367434501648	0.5873054265975952	0.6422404646873474	0.7114419341087341	0.6606290936470032	0.34468963742256165	0.3989832103252411	0.650800347328186	0.5484802722930908	0.24255035817623138
0.5036957263946533	0.5576452016830444	0.6143771409988403	0.5360345244407654	0.4558350741863251	0.39605578780174255	0.3138698935508728	0.5867063403129578	0.5168134570121765	0.522090494632721	0.48086419701576233	0.26610130071640015	0.5920615792274475	0.6242722868919373	0.7242543697357178	0.6641916036605835	0.274824321269989	0.3165035545825958	0.6132843494415283	0.5408289432525635	0.23667295277118683
0.713483989238739	0.5620632171630859	0.5856688022613525	0.5408532023429871	0.4721672832965851	0.4094400405883789	0.3419441282749176	0.5787014365196228	0.5151025056838989	0.519736111164093	0.48819446563720703	0.2602822780609131	0.5872825980186462	0.6227867603302002	0.7032793760299683	0.6592186093330383	0.32945507764816284	0.37288373708724976	0.6336923241615295	0.5474479794502258	0.23226575553417206
0.5838620662689209	0.568364679813385	0.6029863357543945	0.5670188665390015	0.47991055250167847	0.4137580096721649	0.3567656874656677	0.5687181949615479	0.5358884334564209	0.5400848388671875	0.49828556180000305	0.26878026127815247	0.5877411365509033	0.6471461057662964	0.7145378589630127	0.661986768245697	0.3455590605735779	0.4003680646419525	0.6513383984565735	0.551015317440033	0.24199354648590088
0.5460097789764404	0.56941157579422	0.6076387763023376	0.5712682604789734	0.47858381271362305	0.4091758728027344	0.35394975543022156	0.5703853964805603	0.5395274758338928	0.5436835885047913	0.4980385899543762	0.2689528465270996	0.5883395075798035	0.6587874889373779	0.72090083360672	0.6650561094284058	0.3467116057872772	0.4033171832561493	0.6520823240280151	0.5550498962402344	0.24154044687747955
0.6891980171203613	0.5594943165779114	0.595251202583313	0.5452150702476501	0.4622895121574402	0.3920436501502991	0.3247079849243164	0.5844260454177856	0.5179271697998047	0.5225938558578491	0.4802640378475189	0.26205649971961975	0.5847838521003723	0.6486349701881409	0.7149787545204163	0.6602619290351868	0.32477158308029175	0.3646807074546814	0.6237171292304993	0.5550988912582397	0.23258651793003082
0.598832905292511	0.5699231624603271	0.6081739068031311	0.5714873671531677	0.4784310460090637	0.40891268849372864	0.3539026379585266	0.5706275701522827	0.5397422313690186	0.5438950657844543	0.4978668689727783	0.2689826488494873	0.5889054536819458	0.6595582962036133	0.7213268876075745	0.6651624441146851	0.3470161557197571	0.4033651649951935	0.6525274515151978	0.555654764175415	0.2416379302740097
0.7484958171844482	0.5752943158149719	0.5990147590637207	0.5608470439910889	0.4843042492866516	0.42111843824386597	0.36541274189949036	0.5730689167976379	0.5320046544075012	0.5362574458122253	0.5010125041007996	0.26532047986984253	0.5937066674232483	0.6344120502471924	0.7127798199653625	0.6627419590950012	0.3507857620716095	0.40555667877197266	0.659705400466919	0.5565834641456604	0.2391868233680725
0.6793263554573059	0.5732583999633789	0.6013619899749756	0.5671495199203491	0.4853712022304535	0.41942086815834045	0.36427709460258484	0.5693346261978149	0.5372967720031738	0.5414483547210693	0.5037764310836792	0.26505574584007263	0.5918903350830078	0.6444989442825317	0.7163976430892944	0.6680648922920227	0.3503211736679077	0.4104938209056854	0.6597034335136414	0.553571879863739	0.23798774182796478
0.7165536284446716	0.5716447830200195	0.5977623462677002	0.5638186931610107	0.4858817756175995	0.42267662286758423	0.3657672107219696	0.5681425333023071	0.5343371629714966	0.5385288596153259	0.5034598708152771	0.2653699517250061	0.5912091135978699	0.6356367468833923	0.7111501693725586	0.6651064157485962	0.3484949469566345	0.4070834815502167	0.6580389738082886	0.5498927235603333	0.23872631788253784
0.7894440293312073	0.5598126649856567	0.5843839049339294	0.5576722025871277	0.478183388710022	0.41077014803886414	0.353290319442749	0.5521319508552551	0.5261393189430237	0.5304604768753052	0.49713751673698425	0.2741798460483551	0.5749223828315735	0.6389055848121643	0.6867790818214417	0.6508265137672424	0.3466133177280426	0.39726823568344116	0.6442897915840149	0.5257552266120911	0.24890610575675964
0.9867780804634094	0.5630110502243042	0.5809359550476074	0.5484943985939026	0.4791567325592041	0.4182395040988922	0.35844939947128296	0.5587145686149597	0.5187985897064209	0.523233950138092	0.495043009519577	0.27292048931121826	0.5796411633491516	0.6188617944717407	0.6829953789710999	0.6451021432876587	0.3458583652973175	0.390377014875412	0.6450142860412598	0.5309514403343201	0.24874448776245117
1.0	0.5526350736618042	0.5678163170814514	0.5178375840187073	0.46952369809150696	0.4108632206916809	0.3325746953487396	0.5755141377449036	0.4931175112724304	0.4977972209453583	0.4848921000957489	0.2574656307697296	0.5790224075317383	0.6002756357192993	0.6843122839927673	0.6472143530845642	0.32114851474761963	0.3508942127227783	0.6111995577812195	0.5338091850280762	0.23014645278453827
0.7854593992233276	0.6245054602622986	0.55723637342453	0.5900388360023499	0.5602337718009949	0.5558531880378723	0.47261038422584534	0.5765904188156128	0.5500209927558899	0.5524736046791077	0.5635841488838196	0.25266823172569275	0.6676849126815796	0.6171364784240723	0.7049167156219482	0.7006257772445679	0.43687891960144043	0.511162519454956	0.7223946452140808	0.5439358949661255	0.23398849368095398
0.6985061764717102	0.4677477180957794	0.5596264004707336	0.6708804368972778	0.6816085577011108	0.6158608198165894	0.5025097131729126	0.4845893681049347	0.6207144260406494	0.61991947889328	0.7075570821762085	0.14858046174049377	0.5872542858123779	0.6467163562774658	0.72822105884552	0.7042324542999268	0.331171452999115	0.3795017898082733	0.6748470664024353	0.44502192735671997	0.13646501302719116
0.6298134922981262	0.6189678311347961	0.6240402460098267	0.6184245944023132	0.6088008284568787	0.5859563946723938	0.46959251165390015	0.6382917165756226	0.5753010511398315	0.575964093208313	0.619073212146759	0.174081489443779	0.7189924716949463	0.6751049757003784	0.836559534072876	0.7129212617874146	0.3411163091659546	0.346613347530365	0.7109879851341248	0.6270914673805237	0.14830094575881958
0.8335381150245667	0.7061735391616821	0.6388728022575378	0.6193212270736694	0.5424454808235168	0.5274782776832581	0.4522494971752167	0.6750659346580505	0.5867673754692078	0.5901899337768555	0.5542959570884705	0.25553858280181885	0.7702123522758484	0.6949007511138916	0.7893298268318176	0.7183477878570557	0.41726747155189514	0.4768684506416321	0.7684869170188904	0.6601542830467224	0.22840175032615662
0.8352959752082825	0.6711804866790771	0.6325481534004211	0.5653638243675232	0.4797118008136749	0.48324471712112427	0.37943363189697266	0.6976441740989685	0.5421608686447144	0.5469202995300293	0.4813140630722046	0.2607210576534271	0.7696599364280701	0.6490535140037537	0.760033130645752	0.6744269132614136	0.34076324105262756	0.3333972990512848	0.692631185054779	0.6420725584030151	0.23436640202999115
0.7902679443359375	0.5046064257621765	0.4313295781612396	0.485788494348526	0.8332100510597229	0.712819516658783	0.492809921503067	0.43707430362701416	0.44262585043907166	0.44028693437576294	0.8334935307502747	0.17860908806324005	0.5264679193496704	0.48301103711128235	0.5770081281661987	0.5369723439216614	0.659199059009552	0.5023826956748962	0.526148796081543	0.4665059447288513	0.1464873105287552
0.8175370097160339	0.6617709994316101	0.5292206406593323	0.49110257625579834	0.7023096680641174	0.6854022145271301	0.544447660446167	0.5745497941970825	0.4615415334701538	0.46436211466789246	0.7210948467254639	0.18268980085849762	0.6967392563819885	0.4827987849712372	0.6570380926132202	0.6128488183021545	0.3969896137714386	0.4922221302986145	0.6368932127952576	0.5258904695510864	0.1647329032421112
0.6580021381378174	0.6422559022903442	0.6460050940513611	0.5321855545043945	0.5162597298622131	0.513653039932251	0.37618064880371094	0.6748982667922974	0.5037368535995483	0.5091347098350525	0.5398133397102356	0.20775748789310455	0.7252385020256042	0.6162698268890381	0.7894112467765808	0.6513788104057312	0.2279050499200821	0.2573263943195343	0.6156119108200073	0.6000511050224304	0.18996860086917877
0.5218615531921387	0.5233046412467957	0.508628249168396	0.40980884432792664	0.5714011192321777	0.5250328183174133	0.36171892285346985	0.5952928066253662	0.37991175055503845	0.38436397910118103	0.6033450961112976	0.1602972447872162	0.6477964520454407	0.5375259518623352	0.6193869709968567	0.5378820300102234	0.23984292149543762	0.2372068464756012	0.45099058747291565	0.4863188564777374	0.14990867674350739
0.47158658504486084	0.5130173563957214	0.38959962129592896	0.23390494287014008	0.7077127695083618	0.5529518127441406	0.2776646614074707	0.49310892820358276	0.21211683750152588	0.21519705653190613	0.6952813863754272	0.17937986552715302	0.4229430556297302	0.42929649353027344	0.532300591468811	0.4929754137992859	0.5789464116096497	0.4233858585357666	0.22971299290657043	0.5062189698219299	0.136493518948555
0.3639107644557953	0.7109230160713196	0.7004963755607605	0.6448118090629578	0.6024652123451233	0.6191205978393555	0.45004403591156006	0.6956987977027893	0.6154263019561768	0.6190811991691589	0.6504607200622559	0.15717479586601257	0.7554010152816772	0.6587454676628113	0.9412678480148315	0.7161483764648438	0.1723974645137787	0.2844570577144623	0.6506811380386353	0.6279997229576111	0.148586243391037
0.3426990807056427	0.7294817566871643	0.7236483693122864	0.6291630864143372	0.5740135312080383	0.5724247694015503	0.46900567412376404	0.7885436415672302	0.6178469061851501	0.6221328377723694	0.6146033406257629	0.1646169126033783	0.8239949941635132	0.6862277388572693	0.9917737245559692	0.6611964106559753	0.2388238161802292	0.2973942160606384	0.7465836405754089	0.7636056542396545	0.15168602764606476
0.23085656762123108	0.5859993696212769	0.55711829662323	0.32489049434661865	0.6128708720207214	0.5495802760124207	0.2904335856437683	0.6389960646629333	0.3230684697628021	0.3290150463581085	0.6420267224311829	0.1537533849477768	0.623543918132782	0.5276644825935364	0.6620718836784363	0.55068439245224	0.2343251258134842	0.17457720637321472	0.3525148332118988	0.5525065660476685	0.1266787052154541
0.3571840524673462	0.6920830011367798	0.7541173100471497	0.5269404649734497	0.541666567325592	0.5307527184486389	0.3489668369293213	0.7808876633644104	0.512938380241394	0.5184075832366943	0.5890599489212036	0.11041588336229324	0.786545991897583	0.6290382742881775	0.9615517854690552	0.6610565781593323	0.015644704923033714	0.0	0.5793256163597107	0.7322680950164795	0.10351332277059555
0.3494991660118103	0.6634962558746338	0.7569774985313416	0.5966386795043945	0.6089675426483154	0.632448673248291	0.3985256552696228	0.6794695854187012	0.5750796794891357	0.5796838998794556	0.676395833492279	0.11369048058986664	0.6978011131286621	0.5987670421600342	0.9547517895698547	0.6523652076721191	0.0	0.045258358120918274	0.5446982383728027	0.6064679026603699	0.10991822928190231
0.3311750590801239	0.5400996804237366	0.6459718942642212	0.5833926796913147	0.5757758617401123	0.5644583106040955	0.4182398021221161	0.6158381104469299	0.5766878724098206	0.5815753936767578	0.6415032744407654	0.14436651766300201	0.5684279799461365	0.5427781939506531	0.8858830332756042	0.5819718837738037	0.09918008744716644	0.17698359489440918	0.5755376219749451	0.5198605060577393	0.13397559523582458
0.4402349293231964	0.6287760138511658	0.7126595377922058	0.5189827084541321	0.5333151817321777	0.501350998878479	0.340546578168869	0.7190718054771423	0.5017102956771851	0.5073071122169495	0.5815501809120178	0.1291825771331787	0.689632773399353	0.6319642066955566	0.9087045788764954	0.5946996212005615	0.0640115961432457	0.04878605902194977	0.5435746312141418	0.672530472278595	0.13040369749069214
